"Name","Team","W","L","SV","G","GS","IP","K/9","BB/9","HR/9","BABIP","LOB%","GB%","HR/FB","vFA (pi)","ERA","xERA","FIP","xFIP","WAR","playerid"
"Gerrit Cole","HOU","20","5","0","33","33","212.1","13.82","2.03","1.23",".275","83.3%","40.3%","16.9%","97.3","2.50","2.39","2.64","2.48","7.5","13125"
"Jacob deGrom","NYM","11","8","0","32","32","204.0","11.25","1.94","0.84",".282","81.8%","44.4%","11.2%","97.1","2.43","2.53","2.67","3.11","6.9","10954"
"Lance Lynn","TEX","16","11","0","33","33","208.1","10.63","2.55","0.91",".322","74.4%","40.3%","9.9%","94.7","3.67","3.31","3.13","3.85","6.7","2520"
"Max Scherzer","WSN","11","7","0","27","27","172.1","12.69","1.72","0.94",".321","78.7%","40.8%","11.6%","95.0","2.92","2.77","2.45","2.88","6.5","3137"
"Justin Verlander","HOU","21","6","0","34","34","223.0","12.11","1.70","1.45",".218","88.4%","35.9%","16.0%","94.6","2.58","2.47","3.27","3.18","6.4","8700"
"Charlie Morton","TBR","16","6","0","33","33","194.2","11.10","2.64","0.69",".298","75.2%","48.2%","10.4%","94.8","3.05","3.23","2.81","3.28","6.0","4676"
"Stephen Strasburg","WSN","18","6","0","33","33","209.0","10.81","2.41","1.03",".274","76.5%","51.1%","16.2%","94.1","3.32","3.02","3.25","3.17","5.6","10131"
"Shane Bieber","CLE","15","8","0","34","33","214.1","10.88","1.68","1.30",".296","77.4%","43.9%","16.1%","93.2","3.28","3.56","3.32","3.23","5.5","19427"
"Zack Greinke","- - -","18","5","0","33","33","208.2","8.07","1.29","0.91",".271","75.7%","45.2%","10.9%","89.9","2.93","3.36","3.22","3.74","5.4","1943"
"Lucas Giolito","CHW","14","9","0","29","29","176.2","11.62","2.90","1.22",".273","77.7%","36.0%","13.6%","94.4","3.41","3.43","3.43","3.66","5.2","15474"
"Walker Buehler","LAD","14","4","0","30","30","182.1","10.61","1.83","0.99",".290","71.0%","42.7%","12.2%","96.7","3.26","3.26","3.01","3.37","5.1","19374"
"Hyun-Jin Ryu","LAD","14","5","0","29","29","182.2","8.03","1.18","0.84",".278","82.2%","50.4%","13.0%","90.9","2.32","3.33","3.10","3.32","4.9","14444"
"Patrick Corbin","WSN","14","7","0","33","33","202.0","10.60","3.12","1.07",".290","77.3%","49.5%","14.4%","92.0","3.25","3.97","3.49","3.59","4.7","9323"
"Jack Flaherty","STL","11","8","0","33","33","196.1","10.59","2.52","1.15",".242","83.3%","39.5%","13.8%","94.5","2.75","3.28","3.46","3.64","4.7","17479"
"Zack Wheeler","NYM","11","8","0","31","31","195.1","8.98","2.30","1.01",".311","71.4%","43.2%","10.9%","96.9","3.96","3.83","3.48","4.06","4.6","10310"
"Mike Clevinger","CLE","13","4","0","21","21","126.0","12.07","2.64","0.71",".306","80.2%","40.8%","9.7%","95.5","2.71","3.09","2.49","3.09","4.5","12808"
"Sonny Gray","CIN","11","8","0","31","31","175.1","10.52","3.49","0.87",".255","79.7%","50.8%","13.0%","93.4","2.87","3.38","3.42","3.65","4.5","12768"
"Jose Berrios","MIN","14","8","0","32","32","200.1","8.76","2.29","1.17",".299","73.5%","42.1%","12.0%","93.3","3.68","4.00","3.85","4.32","4.4","14168"
"Noah Syndergaard","NYM","10","8","0","32","32","197.2","9.20","2.28","1.09",".313","68.9%","48.0%","13.3%","97.9","4.28","3.33","3.60","3.83","4.3","11762"
"Jake Odorizzi","MIN","15","7","0","30","30","159.0","10.08","3.00","0.91",".302","75.5%","35.0%","8.8%","92.8","3.51","3.91","3.36","4.33","4.3","6397"
"Luis Castillo","CIN","15","8","0","32","32","190.2","10.67","3.73","1.04",".262","76.7%","55.2%","17.9%","96.3","3.40","3.23","3.70","3.48","4.2","15689"
"Mike Minor","TEX","14","10","0","32","32","208.1","8.64","2.94","1.30",".287","80.3%","40.0%","12.9%","92.5","3.59","3.83","4.25","4.60","4.1","10021"
"Kyle Hendricks","CHC","11","10","0","30","30","177.0","7.63","1.63","0.97",".287","71.8%","41.3%","10.4%","87.1","3.46","3.61","3.61","4.26","4.1","12049"
"Mike Soroka","ATL","13","4","0","29","29","174.2","7.32","2.11","0.72",".280","79.9%","51.2%","11.1%","92.9","2.68","3.94","3.45","3.85","4.0","18383"
"Marcus Stroman","- - -","10","13","0","32","32","184.1","7.76","2.83","0.88",".307","76.1%","53.7%","12.6%","93.1","3.22","3.61","3.72","3.99","3.9","13431"
"Liam Hendriks","OAK","4","4","25","75","2","85.0","13.13","2.22","0.53",".311","85.7%","31.3%","5.6%","96.6","1.80","2.22","1.87","3.21","3.9","3548"
"Eduardo Rodriguez","BOS","19","6","0","34","34","203.1","9.43","3.32","1.06",".317","77.6%","48.5%","13.3%","93.1","3.81","3.51","3.86","4.10","3.7","13164"
"Marco Gonzales","SEA","16","13","0","34","34","203.0","6.52","2.48","1.02",".295","69.2%","40.7%","9.3%","89.1","3.99","3.97","4.15","5.11","3.6","15467"
"Chris Sale","BOS","6","11","0","25","25","147.1","13.32","2.26","1.47",".309","66.7%","42.8%","19.5%","93.5","4.40","3.43","3.39","2.93","3.6","10603"
"Clayton Kershaw","LAD","16","5","0","29","28","178.1","9.54","2.07","1.41",".262","84.0%","48.0%","18.5%","90.4","3.03","3.28","3.86","3.50","3.6","2036"
"Jose Quintana","CHC","13","9","0","32","31","171.0","8.00","2.42","1.05",".326","65.9%","44.5%","12.1%","91.5","4.68","4.38","3.80","4.20","3.5","11423"
"James Paxton","NYY","15","6","0","29","29","150.2","11.11","3.29","1.37",".313","76.2%","38.4%","14.1%","95.6","3.82","3.64","3.86","4.03","3.5","11828"
"Aaron Nola","PHI","12","7","0","34","34","202.1","10.19","3.56","1.20",".295","76.8%","49.7%","17.4%","93.3","3.87","4.17","4.03","3.82","3.4","16149"
"Kirby Yates","SDP","0","5","41","60","0","60.2","14.98","1.93","0.30",".325","80.8%","47.9%","4.8%","93.5","1.19","2.12","1.30","2.25","3.4","9073"
"German Marquez","COL","12","5","0","28","28","174.0","9.05","1.81","1.50",".304","68.1%","49.0%","20.1%","95.7","4.76","4.69","4.06","3.54","3.3","15038"
"Joe Musgrove","PIT","11","12","0","32","31","170.1","8.30","2.06","1.11",".299","63.2%","44.5%","11.7%","92.7","4.44","4.08","3.82","4.31","3.3","12970"
"Madison Bumgarner","SFG","9","9","0","34","34","207.2","8.80","1.86","1.30",".289","71.8%","35.8%","12.6%","91.6","3.90","4.44","3.90","4.31","3.3","5524"
"Brandon Woodruff","MIL","11","3","0","22","22","121.2","10.58","2.22","0.89",".320","74.7%","44.6%","12.0%","96.5","3.62","3.43","3.01","3.36","3.3","16162"
"Trevor Bauer","- - -","11","13","0","34","34","213.0","10.69","3.46","1.44",".287","70.3%","37.6%","15.3%","94.6","4.48","4.20","4.34","4.33","3.2","12703"
"Masahiro Tanaka","NYY","11","9","0","32","31","182.0","7.37","1.98","1.38",".293","70.4%","47.5%","15.1%","91.5","4.45","4.20","4.27","4.29","3.2","15764"
"Matthew Boyd","DET","9","12","0","32","32","185.1","11.56","2.43","1.89",".307","74.4%","35.6%","18.2%","92.2","4.56","3.61","4.32","3.88","3.2","15440"
"John Means","BAL","12","11","0","31","27","155.0","7.03","2.21","1.34",".256","75.9%","30.9%","9.9%","91.9","3.60","3.94","4.41","5.48","3.1","16269"
"Max Fried","ATL","17","6","0","33","30","165.2","9.40","2.55","1.14",".336","74.3%","53.6%","20.2%","93.9","4.02","3.72","3.72","3.32","3.0","13743"
"Frankie Montas","OAK","9","2","0","16","16","96.0","9.66","2.16","0.75",".297","76.2%","49.4%","10.7%","96.7","2.63","3.41","3.00","3.47","3.0","14309"
"Homer Bailey","- - -","13","9","0","31","31","163.1","8.21","2.92","1.16",".301","71.2%","44.3%","12.8%","93.1","4.57","4.23","4.11","4.43","2.9","8362"
"Jon Gray","COL","11","8","0","26","25","150.0","9.00","3.36","1.14",".314","75.9%","50.4%","17.1%","96.1","3.84","4.76","4.06","3.89","2.8","14916"
"Spencer Turnbull","DET","3","17","0","30","30","148.1","8.86","3.58","0.85",".333","68.3%","48.3%","10.1%","93.7","4.61","4.73","3.99","4.63","2.8","16207"
"Jon Lester","CHC","13","10","0","31","31","171.2","8.65","2.73","1.36",".347","71.4%","43.3%","14.6%","90.7","4.46","4.92","4.26","4.35","2.7","4930"
"Blake Snell","TBR","6","8","0","23","23","107.0","12.36","3.36","1.18",".343","71.6%","39.0%","15.4%","95.7","4.29","3.00","3.32","3.31","2.7","13543"
"Kenta Maeda","LAD","10","8","3","37","26","153.2","9.90","2.99","1.29",".243","71.6%","40.6%","14.6%","92.2","4.04","3.21","3.95","4.04","2.7","18498"
"Ryan Yarbrough","TBR","11","6","0","28","14","141.2","7.43","1.27","0.95",".264","62.8%","43.8%","10.2%","88.3","4.13","3.56","3.55","4.24","2.6","16502"
"Michael Pineda","MIN","11","5","0","26","26","146.0","8.63","1.73","1.42",".292","74.8%","36.1%","13.5%","92.6","4.01","4.03","4.02","4.30","2.6","5372"
"Dylan Bundy","BAL","7","14","0","30","30","161.2","9.02","3.23","1.61",".297","70.5%","41.5%","16.4%","91.2","4.79","4.14","4.73","4.58","2.6","12917"
"Yu Darvish","CHC","6","8","0","31","31","178.2","11.54","2.82","1.66",".266","77.7%","45.5%","22.8%","94.3","3.98","3.78","4.18","3.39","2.6","13074"
"Anthony DeSclafani","CIN","9","9","0","31","31","166.2","9.02","2.65","1.57",".273","77.7%","42.9%","16.2%","94.8","3.89","3.67","4.43","4.30","2.6","13050"
"Kyle Gibson","MIN","13","7","0","34","29","160.0","9.00","3.15","1.29",".330","67.5%","51.4%","20.4%","93.6","4.84","4.89","4.26","3.80","2.6","10123"
"Cole Hamels","CHC","7","7","0","27","27","141.2","9.08","3.56","1.08",".315","77.7%","47.3%","12.9%","91.6","3.81","4.47","4.09","4.38","2.5","4972"
"Miles Mikolas","STL","9","14","0","32","32","184.0","7.04","1.57","1.32",".302","73.8%","47.4%","16.1%","93.8","4.16","4.47","4.27","4.18","2.4","9803"
"Chris Paddack","SDP","9","7","0","26","26","140.2","9.79","1.98","1.47",".237","76.9%","40.2%","14.6%","94.1","3.33","3.36","3.95","4.05","2.4","20099"
"Anibal Sanchez","WSN","11","8","0","30","30","166.0","7.27","3.14","1.19",".265","74.9%","38.0%","11.1%","90.5","3.85","4.17","4.44","5.10","2.4","3284"
"Reynaldo Lopez","CHW","10","15","0","33","33","184.0","8.27","3.18","1.71",".316","69.2%","35.0%","14.0%","95.5","5.38","5.06","5.04","5.27","2.4","16400"
"Robbie Ray","ARI","12","8","0","33","33","174.1","12.13","4.34","1.55",".305","75.1%","37.0%","20.0%","92.5","4.34","4.50","4.29","3.76","2.3","11486"
"David Price","BOS","7","5","0","22","22","107.1","10.73","2.68","1.26",".336","70.7%","41.0%","14.4%","92.1","4.28","4.17","3.62","3.73","2.3","3184"
"Sandy Alcantara","MIA","6","14","0","32","32","197.1","6.89","3.69","1.05",".271","73.8%","44.6%","10.8%","95.7","3.88","4.50","4.55","5.17","2.3","18684"
"Tyler Glasnow","TBR","6","1","0","12","12","60.2","11.27","2.08","0.59",".265","84.7%","50.4%","8.5%","97.2","1.78","2.26","2.26","2.94","2.3","14374"
"Josh Hader","MIL","3","5","37","61","0","75.2","16.41","2.38","1.78",".232","93.2%","22.0%","21.4%","95.7","2.62","2.24","3.10","2.36","2.3","14212"
"Eric Lauer","SDP","8","10","0","30","29","149.2","8.30","3.07","1.20",".316","71.0%","39.9%","11.7%","91.9","4.45","4.23","4.23","4.77","2.3","19316"
"Seth Lugo","NYM","7","4","6","61","0","80.0","11.70","1.80","0.90",".265","74.5%","43.1%","10.8%","94.6","2.70","2.41","2.70","3.24","2.2","12447"
"Brad Keller","KCR","7","14","0","28","28","165.1","6.64","3.81","0.82",".282","72.2%","50.0%","10.2%","93.8","4.19","4.73","4.35","4.94","2.2","15734"
"Brandon Workman","BOS","10","1","16","73","0","71.2","13.06","5.65","0.13",".209","77.7%","51.1%","2.6%","93.1","1.88","2.86","2.46","3.33","2.1","11428"
"Felipe Vazquez","PIT","5","1","28","56","0","60.0","13.50","1.95","0.75",".306","90.6%","42.2%","10.6%","98.5","1.65","2.93","2.15","2.62","2.1","12076"
"Taylor Rogers","MIN","2","4","30","60","0","69.0","11.74","1.43","1.04",".307","86.2%","50.6%","15.4%","94.7","2.61","2.27","2.85","2.84","2.1","13449"
"Ivan Nova","CHW","11","12","0","34","34","187.0","5.49","2.26","1.44",".322","72.8%","46.1%","15.8%","92.6","4.72","5.48","4.98","4.91","2.1","1994"
"Chris Bassitt","OAK","10","5","0","28","25","144.0","8.81","2.94","1.31",".267","76.5%","41.3%","13.8%","94.0","3.81","3.83","4.40","4.61","2.1","12304"
"Joey Lucchesi","SDP","10","10","0","30","30","163.2","8.69","3.08","1.26",".271","73.0%","47.0%","13.9%","90.6","4.18","3.75","4.17","4.36","2.1","19320"
"Aroldis Chapman","NYY","3","2","37","60","0","57.0","13.42","3.95","0.47",".289","76.9%","42.1%","8.3%","98.1","2.21","2.86","2.28","2.86","2.1","10233"
"Adam Wainwright","STL","14","10","0","31","31","171.2","8.02","3.36","1.15",".319","76.5%","48.8%","15.0%","89.8","4.19","4.50","4.36","4.39","2.1","2233"
"Nick Anderson","- - -","5","4","1","68","0","65.0","15.23","2.49","1.11",".349","78.9%","28.8%","14.5%","96.1","3.32","2.88","2.35","2.44","2.1","18337"
"Tanner Roark","- - -","10","10","0","31","31","165.1","8.60","2.78","1.52",".322","78.1%","36.2%","15.5%","92.1","4.35","4.86","4.67","4.64","2.0","8753"
"Wade Miley","HOU","14","6","0","33","33","167.1","7.53","3.28","1.24",".287","74.3%","49.7%","15.2%","90.9","3.98","3.75","4.51","4.52","2.0","8779"
"Brett Anderson","OAK","13","9","0","31","31","176.0","4.60","2.51","1.02",".278","74.8%","54.5%","13.3%","91.2","3.89","5.34","4.57","4.79","2.0","8223"
"Merrill Kelly","ARI","13","14","0","32","32","183.1","7.76","2.80","1.42",".292","73.1%","42.0%","14.8%","92.1","4.42","5.26","4.51","4.58","1.9","11156"
"Domingo German","NYY","18","4","0","27","24","143.0","9.63","2.45","1.89",".259","78.7%","38.1%","18.8%","93.4","4.03","4.35","4.72","4.22","1.9","17149"
"Trent Thornton","TOR","6","9","0","32","29","154.1","8.69","3.56","1.40",".301","71.7%","32.4%","13.0%","93.0","4.84","4.73","4.59","4.94","1.9","17948"
"Hansel Robles","LAA","5","1","23","71","1","72.2","9.29","1.98","0.74",".280","82.3%","38.8%","7.9%","97.2","2.48","2.73","2.88","3.89","1.9","11801"
"Tyler Skaggs","LAA","7","7","0","15","15","79.2","8.81","3.16","1.02",".294","68.6%","37.1%","11.4%","91.5","4.29","4.50","3.85","4.36","1.9","10190"
"Andrew Cashner","- - -","11","8","1","42","23","150.0","6.48","3.48","1.14",".280","68.0%","48.5%","12.0%","93.9","4.68","5.23","4.66","5.11","1.9","8782"
"Ross Stripling","LAD","4","4","0","32","15","90.2","9.23","1.99","1.09",".299","72.8%","50.2%","14.3%","90.6","3.47","3.41","3.47","3.58","1.9","13273"
"Martin Perez","MIN","10","7","0","32","29","165.1","7.35","3.65","1.25",".316","67.6%","48.0%","15.0%","94.2","5.12","4.06","4.66","4.69","1.9","6902"
"Ken Giles","TOR","2","3","23","53","0","53.0","14.09","2.89","0.85",".301","91.3%","39.3%","11.1%","97.0","1.87","2.60","2.27","2.73","1.8","12910"
"Daniel Norris","DET","3","13","0","32","29","144.1","7.79","2.37","1.56",".309","75.2%","42.6%","15.7%","90.8","4.49","4.92","4.61","4.55","1.8","13475"
"Luke Weaver","ARI","4","3","0","12","12","64.1","9.65","1.96","0.84",".292","78.6%","40.7%","9.2%","93.9","2.94","4.17","3.07","3.87","1.8","16918"
"Rick Porcello","BOS","14","12","0","32","32","174.1","7.38","2.32","1.60",".308","65.7%","38.1%","13.1%","91.1","5.52","4.73","4.76","5.14","1.8","2717"
"Jason Vargas","- - -","7","9","0","30","29","149.2","7.46","3.79","1.26",".276","69.8%","38.5%","11.2%","84.3","4.51","4.63","4.76","5.44","1.7","8044"
"Mike Fiers","OAK","15","4","0","33","33","184.2","6.14","2.58","1.46",".254","78.5%","39.9%","13.8%","90.5","3.90","4.76","4.97","5.19","1.7","7754"
"Roberto Osuna","HOU","4","3","38","66","0","65.0","10.11","1.66","1.11",".234","81.6%","38.8%","12.3%","96.8","2.63","2.86","3.21","3.60","1.6","13764"
"Julio Teheran","ATL","10","11","0","33","33","174.2","8.35","4.28","1.13",".266","76.6%","39.0%","11.2%","89.8","3.81","4.73","4.66","5.26","1.6","6797"
"Kevin Gausman","- - -","3","9","0","31","17","102.1","10.03","2.81","1.32",".344","61.2%","37.5%","14.7%","94.1","5.72","4.57","3.98","4.05","1.6","14107"
"Jordan Lyles","- - -","12","8","0","28","28","141.0","9.32","3.51","1.60",".285","75.7%","40.3%","15.5%","92.8","4.15","4.03","4.64","4.61","1.6","7593"
"Chad Green","NYY","4","4","2","54","15","69.0","12.78","2.48","1.30",".346","72.7%","35.5%","13.7%","96.5","4.17","3.80","3.34","3.56","1.6","15552"
"Giovanny Gallegos","STL","3","2","1","66","0","74.0","11.31","1.95","1.09",".222","87.3%","33.5%","11.4%","93.7","2.31","2.73","3.05","3.59","1.6","14986"
"Adrian Houser","MIL","6","7","0","35","18","111.1","9.46","2.99","1.13",".301","76.2%","53.4%","18.4%","94.6","3.72","3.36","3.88","3.60","1.6","12718"
"Steven Matz","NYM","11","10","0","32","30","160.1","8.59","2.92","1.52",".301","75.5%","47.1%","17.4%","81.1","4.21","4.63","4.60","4.33","1.6","13361"
"Zac Gallen","- - -","3","6","0","15","15","80.0","10.80","4.05","0.90",".284","83.7%","38.9%","10.8%","93.0","2.81","3.69","3.61","4.15","1.6","19291"
"Pablo Lopez","MIA","5","8","0","21","21","111.1","7.68","2.18","1.21",".299","66.4%","47.6%","14.6%","93.8","5.09","4.41","4.28","4.37","1.6","17085"
"Ryan Pressly","HOU","2","3","3","55","0","54.1","11.93","1.99","0.99",".256","83.7%","50.8%","22.2%","95.6","2.32","2.51","2.66","2.21","1.6","7005"
"Tyler Mahle","CIN","3","12","0","25","25","129.2","8.95","2.36","1.74",".307","66.7%","47.0%","20.8%","93.4","5.14","3.97","4.66","3.99","1.6","16358"
"Zach Davies","MIL","10","7","0","31","31","159.2","5.75","2.87","1.13",".272","75.0%","40.1%","11.0%","86.5","3.55","5.06","4.56","5.20","1.5","13183"
"Brad Hand","CLE","6","4","34","60","0","57.1","13.19","2.83","0.94",".362","81.1%","26.7%","10.5%","92.7","3.30","3.48","2.80","3.41","1.5","9111"
"Jeff Samardzija","SFG","11","12","0","32","32","181.1","6.95","2.43","1.39",".240","76.9%","36.4%","12.6%","91.7","3.52","4.66","4.59","5.02","1.5","3254"
"Jakob Junis","KCR","9","14","0","31","31","175.1","8.42","2.98","1.59",".318","70.3%","42.4%","16.7%","91.8","5.24","5.30","4.82","4.63","1.5","13619"
"Trevor Richards","- - -","6","12","0","30","23","135.1","8.45","3.72","1.26",".290","77.4%","35.2%","11.7%","91.0","4.06","4.20","4.51","5.09","1.5","19309"
"Julio Urias","LAD","4","3","4","37","8","79.2","9.60","3.05","0.79",".257","77.6%","38.7%","8.8%","95.1","2.49","3.11","3.43","4.28","1.5","14765"
"Zach Eflin","PHI","10","13","0","32","28","163.1","7.11","2.64","1.54",".291","73.9%","44.4%","16.0%","94.0","4.13","3.97","4.85","4.76","1.5","13774"
"Ty Buttrey","LAA","6","7","2","72","0","72.1","10.45","2.86","1.00",".323","73.4%","45.7%","11.9%","97.2","3.98","4.14","3.49","3.90","1.5","14719"
"Aaron Civale","CLE","3","4","0","10","10","57.2","7.18","2.50","0.62",".250","77.6%","40.5%","6.6%","92.1","2.34","3.33","3.40","4.61","1.5","19479"
"Emilio Pagan","TBR","4","2","20","66","0","70.0","12.34","1.67","1.54",".228","94.8%","34.0%","16.4%","95.7","2.31","2.14","3.30","3.15","1.5","14771"
"Wander Suero","WSN","6","9","1","78","0","71.1","10.22","3.28","0.63",".326","66.3%","40.8%","8.5%","94.0","4.54","4.38","3.07","3.81","1.5","15855"
"Ian Kennedy","KCR","3","2","30","63","0","63.1","10.37","2.42","0.85",".343","78.8%","44.4%","9.4%","94.6","3.41","3.18","2.99","3.77","1.5","6986"
"Yusmeiro Petit","OAK","5","3","0","80","0","83.0","7.70","1.08","1.19",".213","81.4%","29.9%","10.1%","89.3","2.71","3.09","3.59","4.48","1.4","4020"
"Pedro Baez","LAD","7","2","1","71","0","69.2","8.91","2.97","0.78",".213","64.9%","34.5%","7.1%","95.9","3.10","2.60","3.52","4.82","1.4","5420"
"Gio Gonzalez","MIL","3","2","0","19","17","87.1","8.04","3.81","0.93",".277","76.7%","44.5%","11.7%","89.5","3.50","4.08","4.04","4.45","1.4","7448"
"Griffin Canning","LAA","5","6","0","18","17","90.1","9.56","2.99","1.39",".280","73.2%","37.6%","12.8%","93.9","4.58","3.89","4.37","4.75","1.4","19867"
"Yonny Chirinos","TBR","9","5","0","26","18","133.1","7.69","1.89","1.55",".246","74.0%","43.3%","18.1%","94.4","3.85","4.41","4.44","4.10","1.4","16401"
"Jose Leclerc","TEX","2","4","14","70","3","68.2","13.11","5.11","0.92",".306","72.2%","34.9%","10.4%","96.8","4.33","2.88","3.59","4.21","1.4","14524"
"Danny Duffy","KCR","7","6","0","23","23","130.2","7.92","3.17","1.45",".285","73.5%","36.0%","13.0%","92.5","4.34","5.09","4.78","5.14","1.3","3542"
"Aaron Bummer","CHW","0","0","1","58","0","67.2","7.98","3.19","0.53",".228","82.3%","72.1%","13.8%","95.1","2.13","2.45","3.41","3.49","1.3","16258"
"Andrew Heaney","LAA","4","6","0","18","18","95.1","11.14","2.83","1.89",".312","75.5%","33.6%","18.3%","","4.91","4.26","4.63","4.18","1.3","15423"
"Matt Barnes","BOS","5","4","4","70","0","64.1","15.39","5.32","1.12",".339","77.7%","47.0%","19.5%","96.8","3.78","3.02","3.28","2.93","1.3","12863"
"Adam Ottavino","NYY","6","5","2","73","0","66.1","11.94","5.43","0.68",".284","87.8%","39.7%","8.1%","94.0","1.90","3.02","3.44","4.32","1.3","1247"
"Dinelson Lamet","SDP","3","5","0","14","14","73.0","12.95","3.70","1.48",".311","73.6%","36.3%","19.7%","96.0","4.07","3.91","3.91","3.44","1.3","17186"
"Jordan Zimmermann","DET","1","13","0","23","23","112.0","6.59","2.01","1.53",".339","58.2%","41.9%","14.7%","90.5","6.91","5.85","4.79","4.87","1.3","4505"
"Luke Jackson","ATL","9","2","18","70","0","72.2","13.13","3.22","1.24",".386","77.8%","60.5%","25.6%","96.2","3.84","2.88","3.24","2.52","1.3","11752"
"Mark Melancon","- - -","5","2","12","66","0","67.1","9.09","2.41","0.53",".349","73.8%","62.1%","12.1%","92.2","3.61","3.23","2.86","3.06","1.3","4264"
"Kenley Jansen","LAD","5","3","33","62","0","63.0","11.43","2.29","1.29",".273","73.6%","32.5%","13.2%","","3.71","2.84","3.48","3.77","1.3","3096"
"Mitch Keller","PIT","1","5","0","11","11","48.0","12.19","3.00","1.13",".475","59.6%","39.2%","13.0%","95.4","7.13","2.64","3.19","3.47","1.3","17594"
"John Brebbia","STL","3","4","0","66","0","72.2","10.78","3.34","0.74",".293","72.0%","26.9%","6.4%","93.7","3.59","3.14","3.13","4.63","1.3","12777"
"Michael Lorenzen","CIN","1","4","7","73","0","83.1","9.18","3.02","0.97",".269","80.8%","44.4%","12.5%","97.2","2.92","3.04","3.66","3.97","1.2","14843"
"Will Smith","SFG","6","0","34","63","0","65.1","13.22","2.89","1.38",".277","88.7%","42.0%","20.4%","92.8","2.76","3.09","3.23","2.73","1.2","8048"
"Cal Quantrill","SDP","6","8","0","23","18","103.0","7.78","2.45","1.31",".295","65.5%","43.5%","13.5%","94.7","5.16","4.50","4.28","4.53","1.2","19312"
"J.A. Happ","NYY","12","8","0","31","30","161.1","7.81","2.73","1.90",".280","75.7%","39.8%","18.3%","92.0","4.91","4.79","5.22","4.78","1.2","7410"
"Raisel Iglesias","CIN","3","12","34","68","0","67.0","11.96","2.82","1.61",".316","78.9%","29.9%","16.7%","95.5","4.16","3.41","3.92","3.72","1.2","17130"
"Carlos Martinez","STL","4","2","24","48","0","48.1","9.87","3.35","0.37",".298","73.4%","56.5%","5.7%","96.6","3.17","3.23","2.86","3.76","1.2","11682"
"Tyler Duffey","MIN","5","1","0","58","0","57.2","12.80","2.18","1.25",".275","76.3%","38.1%","16.3%","94.0","2.50","2.77","3.06","2.94","1.2","13758"
"Chase Anderson","MIL","8","4","0","32","27","139.0","8.03","3.24","1.49",".266","77.1%","35.0%","12.8%","93.4","4.21","4.20","4.83","5.26","1.2","6895"
"Scott Barlow","KCR","3","3","1","61","0","70.1","11.77","4.73","0.77",".337","74.3%","40.0%","9.4%","94.4","4.22","3.80","3.41","4.11","1.1","14993"
"Will Harris","HOU","4","1","4","68","0","60.0","9.30","2.10","0.90",".245","88.2%","54.6%","16.7%","","1.50","3.07","3.15","3.04","1.1","3192"
"Tommy Kahnle","NYY","3","2","0","72","0","61.1","12.91","2.93","1.32",".279","73.5%","50.4%","23.1%","96.6","3.67","3.07","3.33","2.69","1.1","11384"
"Archie Bradley","ARI","4","5","18","66","1","71.2","10.93","4.52","0.63",".337","77.2%","45.2%","8.9%","95.7","3.52","4.44","3.41","4.06","1.1","12918"
"Matt Strahm","SDP","6","11","0","46","16","114.2","9.26","1.73","1.73",".311","74.7%","36.6%","16.2%","91.6","4.71","4.57","4.41","4.27","1.1","13799"
"Brad Peacock","HOU","7","6","0","23","15","91.2","9.43","3.04","1.47",".267","76.3%","38.6%","13.9%","92.6","4.12","4.03","4.42","4.64","1.1","5401"
"Jake Arrieta","PHI","8","8","0","24","24","135.2","7.30","3.38","1.39",".316","73.8%","51.3%","19.4%","92.5","4.64","4.99","4.89","4.46","1.1","4153"
"Chris Martin","- - -","1","3","4","58","0","55.2","10.51","0.81","1.46",".314","76.6%","50.0%","20.5%","96.0","3.40","3.51","3.25","2.72","1.1","11847"
"Steven Brault","PIT","4","6","0","25","19","113.1","7.94","4.21","1.19",".309","69.2%","44.6%","13.2%","92.3","5.16","4.86","4.76","5.04","1.1","15291"
"Kolby Allard","TEX","4","2","0","9","9","45.1","6.55","3.77","0.60",".325","68.3%","45.0%","6.8%","92.4","4.96","4.69","4.01","5.08","1.1","18694"
"Scott Oberg","COL","6","1","5","49","0","56.0","9.32","3.70","0.80",".248","80.0%","48.9%","11.6%","94.4","2.25","3.69","3.54","3.90","1.0","13911"
"Andrew Chafin","ARI","2","2","0","77","0","52.2","11.62","3.08","1.03",".351","77.0%","42.9%","15.4%","93.9","3.76","4.06","3.25","3.24","1.0","12988"
"Jake Diekman","- - -","1","7","0","76","0","62.0","12.19","5.66","0.44",".317","68.6%","47.3%","7.9%","95.9","4.65","3.91","3.55","4.14","1.0","5003"
"Caleb Smith","MIA","10","11","0","28","28","153.1","9.86","3.52","1.94",".251","75.8%","26.1%","15.6%","91.5","4.52","4.50","5.11","5.05","1.0","14875"
"Austin Voth","WSN","2","1","0","9","8","43.2","9.07","2.68","1.03",".257","78.6%","34.5%","10.6%","92.8","3.30","3.38","3.79","4.44","1.0","15047"
"Asher Wojciechowski","BAL","4","8","0","17","16","82.1","8.74","3.06","1.86",".278","76.2%","30.2%","13.7%","91.7","4.92","5.26","5.30","5.61","1.0","10836"
"Hector Neris","PHI","3","6","28","68","0","67.2","11.84","3.19","1.33",".240","83.6%","45.5%","18.2%","94.5","2.93","3.07","3.83","3.53","1.0","11804"
"Diego Castillo","TBR","5","8","8","65","6","68.2","10.62","3.41","1.05",".300","73.6%","56.9%","15.4%","98.3","3.41","3.00","3.72","3.72","1.0","17496"
"Sergio Romo","- - -","2","1","20","65","0","60.1","8.95","2.54","1.04",".264","70.9%","36.1%","9.2%","86.6","3.43","3.09","3.68","4.68","1.0","9817"
"Noe Ramirez","LAA","5","4","0","51","7","67.2","10.51","2.66","1.20",".299","75.6%","38.9%","12.7%","89.2","3.99","3.31","3.72","4.07","1.0","12800"
"Marcus Walden","BOS","9","2","2","70","0","78.0","8.77","3.69","0.69",".264","67.0%","53.5%","10.3%","94.4","3.81","3.67","3.69","4.17","1.0","8004"
"Trevor Gott","SFG","7","0","1","50","0","52.2","9.74","2.91","0.68",".276","62.5%","43.1%","7.8%","94.8","4.44","3.86","3.12","4.06","1.0","15046"
"Dustin May","LAD","2","3","0","14","4","34.2","8.31","1.30","0.52",".316","63.8%","44.4%","7.4%","95.8","3.63","3.97","2.90","3.70","1.0","19716"
"Joakim Soria","OAK","2","4","1","71","1","69.0","10.30","2.61","1.17",".251","66.8%","37.7%","13.0%","92.8","4.30","3.46","3.62","3.91","1.0","6941"
"Trevor Williams","PIT","7","9","0","26","26","145.2","6.98","2.72","1.67",".303","68.5%","37.1%","14.5%","91.9","5.38","5.13","5.12","5.25","0.9","16977"
"Taylor Cole","LAA","3","4","0","38","6","51.2","8.71","4.18","0.35",".366","60.3%","48.4%","5.9%","93.3","5.92","4.41","3.29","4.10","0.9","11964"
"Rich Hill","LAD","4","1","0","13","13","58.2","11.05","2.76","1.53",".275","89.3%","49.6%","22.2%","90.4","2.45","2.90","4.10","3.41","0.9","4806"
"Jesse Chavez","TEX","3","5","1","48","9","78.0","8.31","2.54","1.38",".310","66.2%","41.5%","14.8%","91.4","4.85","5.13","4.41","4.47","0.9","5448"
"Daniel Hudson","- - -","9","3","8","69","1","73.0","8.75","3.33","0.99",".247","81.8%","37.2%","8.6%","96.2","2.47","4.08","3.97","5.08","0.9","7146"
"Dakota Hudson","STL","16","7","1","33","32","174.2","7.01","4.43","1.13",".274","78.1%","56.9%","19.8%","94.1","3.35","4.99","4.93","4.55","0.9","19206"
"Ariel Jurado","TEX","7","11","0","32","18","122.1","5.96","2.65","1.54",".318","59.3%","46.1%","16.0%","93.2","5.81","6.08","5.10","5.00","0.9","17030"
"Robert Stephenson","CIN","3","2","0","57","0","64.2","11.27","3.34","1.25",".230","68.0%","31.8%","12.7%","94.9","3.76","2.70","3.63","4.01","0.9","13594"
"Tyler Alexander","DET","1","4","0","13","8","53.2","7.88","1.17","1.51",".347","73.0%","36.0%","13.2%","90.7","4.86","4.66","4.15","4.49","0.9","17735"
"Freddy Peralta","MIL","7","3","1","39","8","85.0","12.18","3.92","1.59",".338","64.8%","32.0%","15.5%","93.8","5.29","4.08","4.18","4.15","0.9","18679"
"Sam Dyson","- - -","5","1","2","61","0","62.1","7.94","1.88","0.87",".273","71.0%","53.8%","12.5%","93.8","3.32","3.23","3.47","3.75","0.9","11710"
"Zach Plesac","CLE","8","6","0","21","21","115.2","6.85","3.11","1.48",".255","78.5%","39.1%","14.5%","93.9","3.81","5.37","4.94","5.06","0.9","19979"
"Mike Leake","- - -","12","11","0","32","32","197.0","5.80","1.23","1.87",".295","72.6%","46.8%","18.2%","88.8","4.29","5.51","5.19","4.76","0.9","10130"
"Carlos Carrasco","CLE","6","7","1","23","12","80.0","10.80","1.80","2.03",".354","73.1%","40.8%","22.2%","93.9","5.29","4.96","4.41","3.50","0.9","6632"
"Jairo Diaz","COL","6","4","5","56","0","57.2","9.83","2.97","1.09",".318","64.0%","49.4%","14.0%","97.2","4.53","3.67","3.70","3.85","0.9","12774"
"John Gant","STL","11","1","3","64","0","66.1","8.14","4.61","0.54",".275","70.5%","46.3%","8.5%","96.1","3.66","3.72","3.73","4.35","0.9","13684"
"Shane Greene","- - -","0","3","23","65","0","62.2","9.19","2.44","1.15",".238","80.3%","46.4%","13.8%","93.6","2.30","3.89","3.79","3.97","0.9","10756"
"Jose Urquidy","HOU","2","1","0","9","7","41.0","8.78","1.54","1.32",".281","73.8%","37.1%","11.5%","93.2","3.95","3.80","3.68","4.30","0.9","18413"
"Carlos Rodon","CHW","3","2","0","7","7","34.2","11.94","4.41","1.04",".322","63.9%","43.0%","11.4%","91.6","5.19","3.83","3.62","4.13","0.9","16137"
"Jordan Yamamoto","MIA","4","5","0","15","15","78.2","9.38","4.12","1.26",".225","66.6%","35.6%","12.6%","91.7","4.46","4.20","4.51","4.89","0.9","17585"
"Chaz Roe","TBR","1","3","1","71","0","51.0","11.47","5.47","0.53",".357","70.3%","44.6%","6.5%","92.4","4.06","4.11","3.31","4.34","0.9","9866"
"Josh Taylor","BOS","2","2","0","52","1","47.1","11.79","3.04","0.95",".321","80.4%","44.2%","12.8%","94.9","3.04","2.95","3.11","3.37","0.9","17359"
"Brett Martin","TEX","2","3","0","51","2","62.1","8.95","2.60","1.01",".340","65.7%","53.8%","15.2%","94.1","4.76","4.57","3.65","3.66","0.9","17369"
"Buck Farmer","DET","6","6","0","73","1","67.2","9.71","3.19","1.06",".303","73.9%","47.3%","13.3%","95.1","3.72","4.14","3.88","4.11","0.9","14814"
"Trevor May","MIN","5","3","2","65","0","64.1","11.05","3.64","1.12",".233","78.9%","33.8%","12.1%","95.7","2.94","3.41","3.73","4.15","0.9","6398"
"Brandon Kintzler","CHC","3","3","1","62","0","57.0","7.58","2.05","0.79",".255","80.0%","54.7%","10.6%","93.0","2.68","3.59","3.56","4.06","0.9","9939"
"Cam Bedrosian","LAA","3","3","1","59","7","61.1","9.39","3.23","1.03",".253","68.0%","47.6%","12.5%","93.0","3.23","3.61","3.83","4.17","0.9","13360"
"Zack Britton","NYY","3","1","3","66","0","61.1","7.78","4.70","0.44",".224","86.8%","77.2%","20.0%","95.4","1.91","3.14","3.74","3.59","0.8","3240"
"Ryne Harper","MIN","4","2","1","61","0","54.1","8.28","1.66","1.16",".299","72.5%","38.5%","11.7%","89.4","3.81","4.32","3.66","4.18","0.8","12680"
"Dallas Keuchel","ATL","8","8","0","19","19","112.2","7.27","3.12","1.28",".298","80.4%","60.1%","23.9%","89.5","3.75","4.57","4.72","4.06","0.8","9434"
"Mike Foltynewicz","ATL","8","6","0","21","21","117.0","8.08","2.85","1.77",".265","71.7%","36.7%","16.9%","94.9","4.54","4.73","4.97","4.73","0.8","10811"
"Aaron Sanchez","- - -","5","14","0","27","27","131.1","7.88","4.66","1.37",".320","67.3%","46.9%","16.1%","93.5","5.89","5.26","5.25","5.15","0.8","11490"
"Randy Dobnak","MIN","2","1","1","9","5","28.1","7.31","1.59","0.32",".302","77.4%","52.9%","5.3%","93.3","1.59","3.64","2.90","3.77","0.8","23798"
"Rowan Wick","CHC","2","0","2","31","0","33.1","9.45","4.32","0.00",".256","68.3%","54.1%","0.0%","95.9","2.43","3.36","2.82","4.38","0.8","14646"
"Sean Manaea","OAK","4","0","0","5","5","29.2","9.10","2.12","0.91",".194","100.0%","41.2%","10.7%","89.9","1.21","3.43","3.42","3.98","0.8","15873"
"Brendan McKay","TBR","2","4","0","13","11","49.0","10.29","2.94","1.47",".331","64.0%","35.2%","13.1%","93.8","5.14","4.57","4.03","4.38","0.8","20186"
"Jameson Taillon","PIT","2","3","0","7","7","37.1","7.23","1.93","0.96",".263","52.1%","49.6%","12.9%","94.7","4.10","4.29","3.80","4.06","0.8","11674"
"Austin Adams","- - -","2","2","0","30","2","32.0","14.91","4.50","1.13",".286","73.2%","50.0%","21.1%","95.1","3.94","3.07","3.12","2.68","0.7","13801"
"Luis Perdomo","SDP","2","4","0","47","1","72.0","6.87","2.25","0.75",".293","68.2%","52.5%","10.0%","94.7","4.00","4.17","3.60","4.18","0.7","14682"
"Brad Brach","- - -","5","4","0","58","0","54.1","9.94","5.13","0.66",".363","67.1%","39.2%","7.7%","94.1","5.47","4.38","3.73","4.68","0.7","6627"
"Matt Andriese","ARI","5","5","1","54","0","70.2","10.06","3.44","1.02",".332","71.6%","50.3%","13.8%","92.5","4.71","3.61","3.72","3.88","0.7","12022"
"Dylan Cease","CHW","4","7","0","14","14","73.0","9.99","4.32","1.85",".326","68.1%","45.7%","21.4%","96.5","5.79","4.63","5.19","4.42","0.7","18525"
"Sean Doolittle","WSN","6","5","29","63","0","60.0","9.90","2.25","1.65",".313","82.0%","25.3%","11.3%","93.5","4.05","4.03","4.25","5.08","0.7","1581"
"Reyes Moronta","SFG","3","7","0","56","0","56.2","11.12","5.24","0.64",".272","81.2%","37.4%","6.5%","97.4","2.86","3.80","3.57","4.83","0.7","14966"
"Drew Pomeranz","- - -","2","10","2","46","18","104.0","11.86","3.81","1.82",".337","76.9%","39.0%","21.0%","92.8","4.85","4.23","4.59","3.88","0.7","11426"
"Ryne Stanek","- - -","0","4","1","63","27","77.0","10.40","4.56","1.29",".266","72.1%","31.8%","12.4%","97.6","3.97","4.32","4.28","4.72","0.7","15947"
"Tyler Clippard","CLE","1","0","0","53","3","62.0","9.29","2.18","1.16",".204","82.0%","31.6%","9.4%","90.1","2.90","2.86","3.89","4.94","0.7","5640"
"Alex Colome","CHW","4","5","30","62","0","61.0","8.11","3.39","1.03",".215","67.6%","45.2%","11.3%","94.5","2.80","4.66","4.08","4.61","0.7","6661"
"Joe Ross","WSN","4","4","0","27","9","64.0","8.02","4.64","0.98",".345","69.2%","44.4%","11.3%","94.3","5.48","5.48","4.59","5.09","0.7","12972"
"Chris Archer","PIT","3","9","0","23","23","119.2","10.75","4.14","1.88",".298","72.5%","36.3%","20.2%","94.1","5.19","5.30","5.02","4.36","0.7","6345"
"Lewis Thorpe","MIN","3","2","0","12","2","27.2","10.08","3.25","0.98",".438","66.2%","33.7%","10.3%","91.4","6.18","4.60","3.47","4.14","0.7","15906"
"Felix Pena","LAA","8","3","0","22","7","96.1","9.44","3.18","1.49",".256","65.6%","42.4%","17.2%","91.2","4.58","4.63","4.52","4.28","0.7","13403"
"Trey Wingenter","SDP","1","3","1","51","1","51.0","12.71","4.94","0.88",".269","58.3%","35.7%","11.1%","96.1","5.65","3.91","3.61","4.09","0.7","17793"
"Adam Plutko","CLE","7","5","0","21","20","109.1","6.42","2.14","1.81",".280","73.6%","31.2%","13.7%","91.1","4.86","4.66","5.23","5.54","0.7","15846"
"David Hale","NYY","3","0","2","20","0","37.2","5.50","1.67","0.48",".298","76.9%","50.0%","5.4%","93.6","3.11","3.04","3.32","4.58","0.7","9756"
"Tony Gonsolin","LAD","4","2","1","11","6","40.0","8.33","3.38","0.90",".208","74.2%","41.7%","8.5%","93.6","2.93","3.72","3.86","4.90","0.7","19388"
"Jacob Waguespack","TOR","5","5","0","16","13","78.0","7.27","3.35","1.38",".279","71.6%","40.3%","13.3%","92.5","4.38","5.55","4.91","5.20","0.7","18318"
"Shaun Anderson","SFG","3","5","2","28","16","96.0","6.56","3.56","1.22",".322","67.8%","41.2%","13.8%","92.7","5.44","5.74","4.77","4.95","0.6","19453"
"Dylan Floro","LAD","5","3","0","50","0","46.2","8.10","2.70","0.77",".302","65.6%","51.1%","10.3%","94.2","4.24","3.61","3.56","4.10","0.6","13394"
"Kyle Ryan","CHC","4","2","0","73","0","61.0","8.56","4.28","0.74",".299","75.6%","58.2%","11.9%","90.0","3.54","3.64","3.85","4.16","0.6","11753"
"Antonio Senzatela","COL","11","11","0","25","25","124.2","5.49","4.11","1.37",".333","62.9%","53.8%","18.3%","93.6","6.71","5.89","5.44","5.12","0.6","15488"
"Daniel Mengden","OAK","5","2","1","13","9","59.2","6.34","4.07","1.06",".283","70.9%","36.3%","9.1%","91.5","4.83","4.86","4.69","5.73","0.6","16980"
"Tyler Chatwood","CHC","5","3","2","38","5","76.2","8.69","4.34","0.94",".285","77.2%","51.5%","20.0%","96.2","3.76","4.63","4.28","3.96","0.6","4338"
"Carlos Estevez","COL","2","2","0","71","0","72.0","10.13","2.88","1.50",".304","77.7%","38.1%","14.1%","97.9","3.75","4.00","4.13","4.31","0.6","14542"
"J.B. Wendelken","OAK","3","1","0","27","0","32.2","9.37","2.48","0.55",".226","61.6%","36.9%","5.0%","94.9","3.58","2.27","2.94","4.58","0.6","14506"
"Shawn Armstrong","- - -","1","1","4","55","0","58.0","9.78","4.50","1.24",".347","69.5%","29.5%","10.3%","93.6","5.74","5.30","4.54","5.42","0.6","12857"
"Zack Littell","MIN","6","0","0","29","0","37.0","7.78","2.19","0.97",".297","82.9%","38.5%","11.4%","93.9","2.68","5.44","3.62","4.10","0.6","15823"
"Matt Magill","- - -","5","2","5","50","0","50.2","11.37","3.55","1.24",".324","66.5%","37.9%","14.0%","95.4","4.09","4.57","3.79","3.95","0.6","3950"
"Andrew Kittredge","TBR","1","0","0","37","7","49.2","10.51","2.17","1.27",".336","72.5%","50.0%","18.4%","95.3","4.17","3.41","3.56","3.25","0.6","12828"
"Mychal Givens","BAL","2","6","11","58","0","63.0","12.29","3.71","1.86",".271","71.4%","37.9%","22.8%","95.4","4.57","4.06","4.50","3.62","0.6","10430"
"Alex Young","ARI","7","5","0","17","15","83.1","7.67","2.92","1.51",".249","75.5%","48.1%","16.5%","89.8","3.56","4.47","4.81","4.66","0.6","18333"
"Matt Shoemaker","TOR","3","0","0","5","5","28.2","7.53","2.83","0.94",".183","87.2%","51.4%","11.1%","90.4","1.57","5.19","3.95","4.46","0.6","4776"
"Richard Bleier","BAL","3","0","4","53","1","55.1","4.88","1.30","0.98",".316","62.7%","59.9%","15.4%","88.7","5.37","3.51","4.19","4.18","0.6","7803"
"Colin Poche","TBR","5","5","2","51","0","51.2","12.54","3.31","1.57",".235","67.6%","18.3%","13.2%","93.2","4.70","2.95","4.08","4.44","0.6","19403"
"Vince Velasquez","PHI","7","8","0","33","23","117.1","9.97","3.30","1.99",".305","76.0%","34.3%","18.2%","94.3","4.91","4.86","5.21","4.75","0.6","11189"
"Corey Kluber","CLE","2","3","0","7","7","35.2","9.59","3.79","1.01",".370","63.8%","40.0%","9.8%","92.2","5.80","5.02","4.06","4.88","0.6","2429"
"Oliver Perez","CLE","2","4","1","67","0","40.2","10.62","2.66","1.11",".314","71.7%","43.5%","13.2%","91.5","3.98","3.09","3.56","3.82","0.6","1514"
"Collin McHugh","HOU","4","5","0","35","8","74.2","9.88","3.62","1.45",".263","69.1%","38.0%","16.0%","90.8","4.70","4.14","4.43","4.34","0.6","7531"
"Anthony Bass","SEA","2","4","5","44","0","48.0","8.06","3.19","0.94",".203","68.3%","51.6%","14.3%","95.5","3.56","4.17","3.90","4.00","0.6","7982"
"Darwinzon Hernandez","BOS","0","1","0","29","1","30.1","16.91","7.71","0.30",".433","69.6%","45.0%","5.3%","95.6","4.45","3.11","2.75","3.57","0.6","19848"
"Daniel Ponce de Leon","STL","1","2","0","13","8","48.2","9.62","4.81","1.11",".256","77.3%","45.1%","12.8%","93.4","3.70","3.64","4.41","4.72","0.6","16110"
"Jose Urena","MIA","4","10","3","24","13","84.2","6.59","2.76","1.38",".323","68.0%","50.0%","16.5%","95.0","5.21","5.16","4.74","4.60","0.6","11589"
"Kevin McCarthy","KCR","4","2","1","56","0","60.1","5.67","3.13","0.60",".315","70.3%","58.3%","9.1%","91.8","4.48","3.80","3.96","4.55","0.5","15240"
"Robbie Erlin","SDP","0","1","0","37","1","55.1","8.46","2.44","0.98",".373","65.3%","44.8%","11.1%","90.8","5.37","4.69","3.61","4.14","0.5","10354"
"Josh James","HOU","5","1","1","49","1","61.1","14.67","5.14","1.47",".308","71.8%","34.6%","16.9%","97.3","4.70","3.00","3.98","3.77","0.5","16794"
"Evan Marshall","CHW","4","2","0","55","0","50.2","7.28","4.26","0.89",".266","84.7%","51.4%","11.9%","93.7","2.49","3.83","4.30","4.67","0.5","12297"
"Tim Hill","KCR","2","0","1","46","0","39.2","8.85","2.95","0.91",".267","73.1%","57.3%","14.8%","90.6","3.63","2.90","3.84","3.89","0.5","16814"
"Wilmer Font","- - -","4","5","0","48","17","84.1","10.14","3.09","1.81",".288","78.9%","36.8%","16.5%","94.7","4.48","3.94","4.72","4.53","0.5","5257"
"Logan Webb","SFG","2","3","0","8","8","39.2","8.39","3.18","1.13",".333","65.4%","48.8%","17.9%","93.3","5.22","5.06","4.12","3.89","0.5","17995"
"Cody Stashak","MIN","0","1","0","18","1","25.0","9.00","0.36","1.08",".351","82.1%","26.0%","7.0%","91.6","3.24","4.29","3.01","4.88","0.5","18088"
"Devin Smeltzer","MIN","2","2","1","11","6","49.0","6.98","2.20","1.47",".294","77.2%","38.5%","13.6%","89.0","3.86","5.30","4.58","4.85","0.5","19487"
"Kevin Ginkel","ARI","3","0","2","25","0","24.1","10.36","3.33","0.74",".228","80.2%","34.5%","8.3%","93.6","1.48","2.97","3.09","3.98","0.5","19876"
"Amir Garrett","CIN","5","3","0","69","0","56.0","12.54","5.63","1.13",".303","83.3%","53.9%","19.4%","95.5","3.21","3.43","4.14","3.80","0.5","14375"
"Sam Tuivailala","SEA","1","0","0","23","2","23.0","10.57","4.30","0.39",".226","81.3%","33.3%","3.4%","93.6","2.35","3.51","3.13","5.07","0.5","13485"
"Yoshihisa Hirano","ARI","5","5","1","62","0","53.0","10.36","3.74","1.19",".314","68.0%","44.4%","13.7%","91.2","4.75","3.75","4.04","4.24","0.5","19756"
"Oliver Drake","TBR","5","2","2","50","0","56.0","11.25","3.05","1.45",".225","82.9%","52.3%","22.5%","93.7","3.21","3.16","3.87","3.21","0.5","8823"
"Jefry Rodriguez","CLE","1","5","0","10","8","46.2","6.36","4.05","0.96",".299","69.4%","48.6%","10.9%","94.0","4.63","5.02","4.54","5.11","0.5","17018"
"Jarlin Garcia","MIA","4","2","0","53","0","50.2","6.93","2.84","0.71",".248","78.2%","46.9%","7.8%","93.4","3.02","4.11","3.77","4.74","0.5","18282"
"Miguel Castro","BAL","1","3","2","65","0","73.1","8.71","5.03","1.23",".269","68.9%","48.8%","14.3%","","4.66","3.80","4.73","4.85","0.5","15684"
"Juan Nicasio","PHI","2","3","1","47","0","47.1","8.56","3.99","0.76",".366","71.2%","45.9%","10.5%","93.8","4.75","5.30","3.87","4.37","0.5","7731"
"Aaron Brooks","- - -","6","8","0","29","18","110.0","6.71","2.78","1.72",".290","67.9%","43.8%","15.7%","92.1","5.65","5.41","5.40","5.35","0.5","12272"
"Joe Kelly","LAD","5","4","1","55","0","51.1","10.87","3.86","1.05",".323","65.5%","61.2%","25.0%","97.7","4.56","3.26","3.78","3.19","0.5","9761"
"Jordan Hicks","STL","2","2","14","29","0","28.2","9.73","3.45","0.63",".215","71.4%","67.2%","18.2%","101.4","3.14","2.18","3.21","3.07","0.5","19618"
"Joe Smith","HOU","1","0","0","28","0","25.0","7.92","1.80","0.72",".254","84.9%","49.3%","9.5%","89.1","1.80","2.73","3.09","3.72","0.5","3281"
"Keone Kela","PIT","2","0","1","32","0","29.2","10.01","3.34","0.91",".225","89.6%","37.8%","9.7%","96.3","2.12","3.38","3.52","4.28","0.4","14696"
"Alec Mills","CHC","1","0","1","9","4","36.0","10.50","2.75","1.25",".299","90.5%","48.9%","17.2%","89.6","2.75","5.09","4.19","3.98","0.4","13834"
"Matt Wisler","- - -","3","4","0","44","8","51.1","11.05","2.81","1.75",".341","65.5%","36.4%","18.2%","92.9","5.61","3.83","4.23","3.83","0.4","12804"
"Ranger Suarez","PHI","6","1","0","37","0","48.2","7.77","2.22","1.11",".319","83.0%","55.1%","18.2%","92.9","3.14","4.00","3.89","3.64","0.4","17277"
"Javy Guerra","- - -","3","1","2","51","0","67.2","7.58","2.26","1.33",".282","69.0%","33.5%","10.2%","92.7","4.66","4.00","4.25","5.21","0.4","7407"
"CC Sabathia","NYY","5","8","0","23","22","107.1","8.97","3.27","2.26",".291","77.5%","39.8%","21.4%","89.7","4.95","4.38","5.66","4.73","0.4","404"
"Emmanuel Clase","TEX","2","3","1","21","1","23.1","8.10","2.31","0.77",".281","78.5%","60.6%","15.4%","99.3","2.31","3.46","3.43","3.42","0.4","21032"
"Nick Wittgren","CLE","5","1","4","55","0","57.2","9.36","2.34","1.56",".253","83.3%","38.1%","16.7%","92.4","2.81","4.38","4.17","3.98","0.4","15594"
"Sean Newcomb","ATL","6","3","1","55","4","68.1","8.56","3.82","1.05",".282","79.5%","49.0%","12.3%","94.3","3.16","4.06","4.24","4.61","0.4","16943"
"Kelvin Herrera","CHW","3","3","1","57","0","51.1","9.29","4.03","1.40",".347","65.9%","35.7%","13.6%","96.1","6.14","4.44","4.58","4.84","0.4","6033"
"Lucas Sims","CIN","2","1","0","24","4","43.0","11.93","3.98","1.67",".253","73.5%","24.7%","14.5%","93.5","4.60","3.16","4.45","4.57","0.4","13470"
"Craig Stammen","SDP","8","7","4","76","0","82.0","8.01","1.65","1.43",".284","77.4%","50.8%","17.6%","92.4","3.29","3.48","4.12","3.85","0.4","7274"
"Jose Alvarez","PHI","3","4","1","67","1","59.0","7.78","2.75","1.22",".328","81.3%","49.2%","16.0%","91.7","3.36","4.23","4.21","4.14","0.4","5358"
"Robert Gsellman","NYM","2","3","1","52","0","63.2","8.48","3.25","0.99",".315","68.5%","44.3%","11.1%","95.5","4.66","3.59","4.13","4.66","0.4","13696"
"David Hernandez","CIN","2","5","2","47","0","42.2","11.18","4.22","1.48",".393","54.5%","28.1%","14.0%","93.7","8.02","4.29","4.34","4.54","0.4","4259"
"Andres Munoz","SDP","1","1","1","22","0","23.0","11.74","4.30","0.78",".259","70.2%","40.0%","10.0%","100.1","3.91","3.80","3.17","3.77","0.4","20373"
"Nick Ramirez","DET","5","4","0","46","0","79.2","8.36","3.95","1.24",".286","69.4%","46.2%","13.9%","90.2","4.07","4.44","4.51","4.68","0.4","12575"
"Rafael Montero","TEX","2","0","0","22","0","29.0","10.55","1.55","1.55",".269","95.7%","40.3%","18.5%","95.9","2.48","4.17","3.83","3.45","0.4","12760"
"Jon Duplantier","ARI","1","1","1","15","3","36.2","8.35","4.42","0.49",".356","74.3%","44.2%","5.3%","92.5","4.42","5.34","3.95","5.30","0.4","19546"
"Jonathan Holder","NYY","5","2","0","34","1","41.1","10.02","2.40","1.74",".307","53.6%","37.7%","15.4%","92.2","6.31","3.59","4.45","4.43","0.4","16588"
"Fernando Rodney","- - -","0","5","2","55","0","47.2","9.25","5.29","0.94",".344","65.7%","49.6%","13.2%","94.5","5.66","4.23","4.28","4.51","0.4","494"
"Patrick Sandoval","LAA","0","4","0","10","9","39.1","9.61","4.35","1.37",".287","70.8%","46.6%","21.4%","92.9","5.03","4.47","4.59","4.02","0.3","19447"
"Evan Phillips","BAL","0","1","0","25","0","28.0","12.86","6.43","0.64",".411","68.3%","38.4%","9.1%","94.2","6.43","5.34","3.96","4.60","0.3","17734"
"Jimmy Cordero","- - -","1","1","0","31","0","37.1","7.47","2.65","0.96",".227","81.4%","59.4%","21.1%","97.7","2.89","3.43","4.07","3.69","0.3","15690"
"Stefan Crichton","ARI","1","0","0","28","0","30.1","9.79","2.37","0.89",".260","72.9%","52.5%","12.0%","94.0","3.56","4.32","3.31","3.67","0.3","16058"
"Matt Bowman","CIN","2","0","0","27","0","32.0","7.03","3.66","0.56",".258","67.2%","55.1%","7.4%","93.7","3.66","2.81","3.68","4.55","0.3","13528"
"Justin Anderson","LAA","3","0","1","54","0","47.0","11.49","6.13","1.15",".305","64.6%","35.2%","12.5%","94.8","5.55","3.94","4.43","4.80","0.3","16201"
"Jeremy Jeffress","MIL","3","4","1","48","0","52.0","7.96","2.94","0.87",".322","63.8%","48.4%","11.4%","94.1","5.02","4.76","3.96","4.40","0.3","9490"
"Tony Sipp","WSN","1","2","0","36","0","21.0","7.71","3.86","0.43",".286","61.6%","37.5%","3.8%","90.5","4.71","5.16","3.55","5.39","0.3","8280"
"Paul Fry","BAL","1","9","3","66","0","57.1","8.63","4.55","1.10",".297","63.1%","58.0%","18.9%","90.8","5.34","4.11","4.71","4.41","0.3","15832"
"Justus Sheffield","SEA","0","1","0","8","7","36.0","9.25","4.50","1.25",".371","74.1%","52.3%","15.6%","92.8","5.50","4.73","4.71","4.68","0.3","17285"
"Ryan Weber","BOS","2","4","0","18","3","40.2","6.42","1.77","1.11",".316","65.4%","48.6%","12.5%","88.4","5.09","4.03","4.20","4.56","0.3","10160"
"Jalen Beeks","TBR","6","3","1","33","3","104.1","7.68","3.45","1.04",".328","73.4%","45.6%","12.2%","92.3","4.31","5.19","4.41","4.79","0.3","17192"
"Ryan Brasier","BOS","2","4","7","62","0","55.2","9.86","3.40","1.46",".286","67.3%","31.8%","12.5%","96.2","4.85","4.50","4.42","4.89","0.3","5615"
"Gerardo Reyes","SDP","4","0","0","27","0","26.0","13.15","3.81","1.04",".339","47.3%","35.9%","9.1%","96.9","7.62","2.95","3.41","4.43","0.3","16306"
"Travis Lakins Sr.","BOS","0","1","0","16","3","23.1","6.94","3.86","0.39",".306","70.6%","47.2%","4.0%","93.8","3.86","4.63","3.64","5.22","0.3","18600"
"Justin Wilson","NYM","4","2","4","45","0","39.0","10.15","4.38","0.92",".299","86.8%","51.0%","14.8%","95.1","2.54","3.23","3.91","3.95","0.3","4301"
"Joe Jimenez","DET","4","7","9","66","0","59.2","12.37","3.47","1.96",".319","77.2%","29.5%","18.3%","95.3","4.37","3.80","4.66","4.19","0.3","15761"
"Jason Adam","TOR","3","0","0","23","0","21.2","7.48","4.15","0.42",".237","75.2%","25.0%","3.2%","94.6","2.91","3.16","3.95","6.20","0.3","11861"
"T.J. Zeuch","TOR","1","2","0","5","3","22.2","7.94","4.37","0.79",".303","66.2%","47.1%","10.5%","90.8","4.76","6.78","4.05","4.57","0.3","19269"
"Chi Chi Gonzalez","COL","2","6","0","14","12","63.0","6.57","4.71","1.57",".257","69.6%","43.3%","17.7%","92.3","5.29","5.70","5.64","5.33","0.3","14663"
"Francisco Liriano","PIT","5","3","0","69","0","70.0","8.10","4.50","1.03",".271","76.0%","50.3%","12.1%","92.8","3.47","4.06","4.53","4.92","0.3","3201"
"Adrian Sampson","TEX","6","8","0","35","15","125.1","7.25","2.59","2.08",".327","71.7%","40.2%","17.4%","92.5","5.89","6.24","5.69","5.33","0.3","13339"
"Lou Trivino","OAK","4","6","0","61","0","60.0","8.55","4.65","1.05",".316","64.6%","45.1%","10.3%","97.5","5.25","3.56","4.53","5.27","0.3","15043"
"Tyler Beede","SFG","5","10","0","24","22","117.0","8.69","3.54","1.69",".312","73.4%","43.9%","18.3%","94.4","5.08","5.26","5.03","4.63","0.3","16981"
"Adam Morgan","PHI","3","3","0","40","0","29.2","8.80","3.03","1.21",".216","69.3%","41.0%","12.5%","92.6","3.94","2.93","4.33","4.72","0.3","12580"
"Cory Gearrin","- - -","1","3","0","66","2","55.1","7.64","4.07","0.81",".313","76.6%","44.8%","9.6%","91.1","4.07","4.73","4.26","4.96","0.3","7947"
"Chris Devenski","HOU","2","3","0","61","1","69.0","9.39","2.74","1.70",".296","72.2%","32.7%","14.0%","94.7","4.83","3.86","4.62","4.85","0.2","12763"
"Hector Velazquez","BOS","1","4","0","34","8","56.1","7.83","4.47","1.12",".321","61.9%","38.6%","10.6%","92.3","5.43","5.09","4.74","5.46","0.2","19341"
"Junior Guerra","MIL","9","5","3","72","0","83.2","8.28","3.87","1.18",".218","76.3%","43.4%","12.9%","94.7","3.55","3.75","4.52","4.83","0.2","5702"
"Tanner Anderson","OAK","0","3","0","5","5","22.1","7.25","2.82","1.61",".342","66.9%","53.2%","19.0%","92.5","6.04","5.70","4.87","4.41","0.2","18029"
"Jandel Gustave","SFG","0","0","1","23","0","24.1","5.18","3.33","0.37",".227","62.5%","43.2%","4.8%","96.2","2.96","4.92","3.71","4.89","0.2","14665"
"A.J. Cole","CLE","3","1","1","25","0","26.0","10.38","2.77","1.38",".355","68.9%","30.8%","10.3%","94.5","3.81","3.26","3.83","4.81","0.2","11467"
"David McKay","- - -","0","0","0","25","0","26.1","11.62","5.81","1.03",".283","62.1%","28.6%","10.0%","94.0","5.47","4.63","4.16","4.95","0.2","19814"
"Adam Cimber","CLE","6","3","1","68","0","56.2","6.51","3.02","0.95",".287","70.8%","55.9%","14.3%","85.9","4.45","4.14","4.36","4.46","0.2","15288"
"Nick Goody","CLE","3","2","0","39","0","40.2","11.07","4.87","1.55",".245","80.6%","25.7%","13.0%","92.7","3.54","2.81","4.62","5.02","0.2","13685"
"Chris Stratton","- - -","1","3","0","35","5","76.0","8.17","3.91","1.54",".349","70.5%","39.7%","16.0%","92.3","5.57","4.06","4.92","4.82","0.2","13761"
"Austin Pruitt","TBR","3","0","0","14","2","47.0","7.47","2.30","1.34",".296","73.2%","52.2%","18.4%","92.0","4.40","3.91","4.26","3.93","0.2","15290"
"Drew VerHagen","DET","4","3","0","22","4","58.0","7.91","3.57","1.40",".357","67.5%","51.1%","17.0%","93.9","5.90","4.89","4.87","4.67","0.2","13424"
"Hunter Wood","- - -","1","1","1","36","2","45.1","7.74","2.38","1.39",".287","79.3%","32.1%","11.1%","93.6","2.98","3.86","4.36","5.12","0.2","15091"
"Seranthony Dominguez","PHI","3","0","0","27","0","24.2","10.58","4.38","1.09",".323","73.2%","54.5%","15.8%","97.5","4.01","3.21","4.02","3.98","0.2","19249"
"Steve Cishek","CHC","4","6","7","70","0","64.0","8.02","4.08","0.98",".246","83.6%","50.0%","11.9%","90.8","2.95","4.29","4.54","4.95","0.2","6483"
"Jacob Webb","ATL","4","0","2","36","0","32.1","7.79","3.34","1.11",".233","86.0%","38.2%","10.0%","95.1","1.39","3.43","4.30","5.15","0.2","19274"
"Yusei Kikuchi","SEA","6","11","0","32","32","161.2","6.46","2.78","2.00",".310","70.8%","44.0%","18.8%","92.6","5.46","5.02","5.71","5.18","0.2","20633"
"Mike Morin","- - -","1","3","1","52","0","50.2","4.62","1.78","1.07",".244","60.1%","40.4%","9.8%","91.7","4.62","4.57","4.56","5.41","0.2","13442"
"Josh Tomlin","ATL","2","1","2","51","1","79.1","5.79","0.79","1.59",".274","77.8%","33.5%","12.7%","89.2","3.74","4.29","4.49","4.95","0.2","9388"
"Luke Bard","LAA","3","3","0","32","3","49.0","7.35","2.39","1.47",".248","66.9%","35.5%","13.1%","94.3","4.78","4.32","4.81","5.16","0.2","14288"
"Juan Minaya","CHW","0","0","0","22","0","27.2","8.78","3.90","1.30",".333","81.2%","29.4%","10.0%","93.6","3.90","4.14","4.66","5.66","0.2","10341"
"Tanner Rainey","WSN","2","3","0","52","0","48.1","13.78","7.08","1.12",".283","79.3%","52.6%","21.4%","97.8","3.91","4.41","4.37","3.91","0.2","17610"
"Jose Cisnero","DET","0","4","0","35","0","35.1","10.19","4.84","1.27",".316","72.0%","37.4%","12.2%","96.5","4.33","3.80","4.66","5.13","0.2","6399"
"DJ Johnson","COL","0","2","0","28","0","25.0","8.64","6.84","0.36",".319","71.1%","45.7%","4.3%","93.5","5.04","5.16","4.45","5.76","0.2","12578"
"Adam Kolarek","- - -","6","3","1","80","0","55.0","7.36","2.62","1.15",".259","78.7%","66.3%","22.6%","91.8","3.27","3.23","4.27","3.74","0.1","10843"
"Erick Fedde","WSN","4","2","0","21","12","78.0","4.73","3.81","1.27",".283","76.5%","51.0%","15.9%","","4.50","6.61","5.34","5.27","0.1","17425"
"Michel Baez","SDP","1","1","0","24","1","29.2","8.49","4.25","0.91",".265","84.7%","38.8%","9.4%","96.1","3.03","3.89","4.36","5.19","0.1","20100"
"Sam Gaviglio","TOR","4","2","0","52","0","95.2","8.28","2.07","1.69",".258","69.9%","47.3%","17.6%","89.2","4.61","3.97","4.64","4.31","0.1","12778"
"Clay Buchholz","TOR","2","5","0","12","12","59.0","5.95","2.44","1.98",".319","63.6%","44.9%","18.1%","89.9","6.56","6.49","5.62","5.18","0.1","3543"
"Jose Alvarado","TBR","1","6","7","35","1","30.0","11.70","8.10","0.60",".346","71.4%","48.1%","8.7%","98.6","4.80","4.63","4.18","4.84","0.1","17780"
"Brandon Brennan","SEA","3","6","0","44","0","47.1","8.94","4.56","1.14",".235","66.5%","55.2%","18.2%","94.7","4.56","3.54","4.40","4.14","0.1","13527"
"Tyler Webb","STL","2","1","1","65","0","55.0","7.85","3.76","1.15",".184","72.6%","41.1%","12.3%","90.1","3.76","3.54","4.49","4.89","0.1","14974"
"Casey Sadler","- - -","4","0","1","33","1","46.1","6.02","2.53","0.97",".255","86.3%","51.8%","11.9%","94.7","2.14","3.89","4.38","4.78","0.1","11209"
"Buddy Boshers","TOR","0","3","0","28","1","20.0","11.70","4.50","1.35",".333","78.4%","45.1%","15.8%","92.7","4.05","3.36","4.21","4.15","0.1","8490"
"Elieser Hernandez","MIA","3","5","0","21","15","82.1","9.29","2.84","2.19",".263","74.7%","33.8%","17.9%","90.7","5.03","3.72","5.58","5.13","0.1","16933"
"Ryan Helsley","STL","2","0","0","24","0","36.2","7.85","2.95","1.23",".279","84.6%","33.6%","10.2%","97.9","2.95","3.78","4.22","5.11","0.1","18138"
"Richard Lovelady","KCR","0","3","0","25","0","20.0","7.65","3.60","0.90",".412","60.8%","50.0%","10.5%","93.7","7.65","3.51","4.16","4.75","0.1","19337"
"Framber Valdez","HOU","4","7","0","26","8","70.2","8.66","5.60","1.15",".319","64.9%","62.1%","25.7%","94.2","5.86","4.50","4.98","4.31","0.1","17295"
"Nick Vincent","- - -","1","4","0","32","1","44.2","9.47","2.42","1.61",".317","77.2%","36.9%","17.8%","89.1","4.43","4.69","4.51","4.19","0.1","7555"
"JT Chargois","LAD","1","0","0","21","0","21.1","11.81","2.11","1.69",".347","53.6%","47.2%","28.6%","96.0","6.33","3.18","4.01","2.88","0.1","13767"
"David Phelps","- - -","2","1","1","41","1","34.1","9.44","4.46","1.31",".295","83.3%","39.8%","12.5%","92.7","3.41","4.38","4.58","5.01","0.1","6316"
"Jeffrey Springs","TEX","4","1","0","25","0","32.1","8.91","6.40","1.11",".354","68.6%","23.2%","8.9%","92.3","6.40","5.59","4.98","6.14","0.1","17677"
"Jonathan Loaisiga","NYY","2","2","0","15","4","31.2","10.52","4.55","1.71",".316","80.8%","40.0%","19.4%","96.9","4.55","4.60","4.95","4.44","0.1","19753"
"Connor Sadzeck","SEA","0","1","1","20","0","23.2","10.27","5.70","1.14",".250","81.2%","46.0%","13.0%","96.5","2.66","4.44","4.74","5.02","0.1","13483"
"Cole Irvin","PHI","2","1","1","16","3","41.2","6.70","2.81","1.51",".299","64.5%","34.4%","15.6%","89.8","5.83","6.12","5.06","5.03","0.1","19244"
"Kyle Freeland","COL","3","11","0","22","22","104.1","6.81","3.36","2.16",".308","62.1%","46.6%","21.7%","92.1","6.73","5.77","5.99","5.07","0.1","16256"
"Genesis Cabrera","STL","0","2","1","13","2","20.1","8.41","4.87","0.89",".323","60.2%","36.4%","8.0%","96.5","4.87","4.66","4.54","5.71","0.1","17490"
"Chad Bettis","COL","1","6","1","39","3","63.2","5.94","2.97","1.41",".325","63.3%","60.8%","22.7%","93.1","6.08","4.60","5.16","4.49","0.1","10587"
"Tyler Olson","CLE","1","1","0","39","0","30.2","8.22","4.70","0.88",".341","77.4%","45.2%","9.1%","87.4","4.40","4.03","4.42","5.29","0.1","14741"
"Tanner Scott","BAL","1","1","0","28","0","26.1","12.65","6.49","1.37",".400","73.7%","50.0%","26.7%","96.0","4.78","4.32","4.77","3.93","0.1","17586"
"Heath Hembree","BOS","1","0","2","45","0","39.2","10.44","4.08","1.59",".273","77.4%","21.7%","10.9%","93.7","3.86","4.35","4.78","5.69","0.1","11632"
"Jose Ruiz","CHW","1","4","0","40","1","40.0","7.88","5.40","1.35",".382","74.7%","37.3%","11.1%","96.4","5.63","5.55","5.36","6.10","0.1","14552"
"Jace Fry","CHW","3","4","0","68","0","55.0","11.13","7.04","1.15",".285","71.1%","57.0%","21.9%","92.7","4.75","4.69","4.90","4.41","0.1","16159"
"Luis Cessa","NYY","2","1","1","43","0","81.0","8.33","3.44","1.56",".277","74.9%","48.7%","18.2%","94.5","4.11","3.61","4.87","4.51","0.1","13345"
"Nick Pivetta","PHI","4","6","1","30","13","93.2","8.55","3.75","1.92",".309","69.5%","43.3%","22.5%","94.7","5.38","5.34","5.47","4.58","0.0","15454"
"Peter Lambert","COL","3","7","0","19","19","89.1","5.74","3.63","1.81",".333","64.1%","47.3%","20.7%","92.7","7.25","5.97","5.97","5.29","0.0","17969"
"Michael Feliz","PIT","4","4","0","58","1","56.1","11.66","4.31","1.76",".262","79.9%","34.3%","18.3%","95.2","3.99","3.72","4.71","4.29","0.0","11903"
"Josh Osich","CHW","4","0","0","57","0","67.2","8.11","2.00","2.00",".260","69.6%","42.3%","21.1%","94.4","4.66","4.32","4.96","4.16","0.0","11528"
"Pedro Strop","CHC","2","5","10","50","0","41.2","10.58","4.32","1.30",".276","68.5%","52.9%","18.8%","93.6","4.97","3.97","4.53","4.19","0.0","4070"
"Pete Fairbanks","- - -","2","3","2","21","0","21.0","12.00","4.29","2.14",".357","53.6%","43.3%","27.8%","97.5","6.86","5.48","5.07","3.68","0.0","17998"
"Tommy Milone","SEA","4","10","0","23","6","111.2","7.58","1.85","1.93",".252","70.7%","36.7%","16.2%","87.2","4.76","4.06","5.00","4.84","0.0","7608"
"Brian Flynn","KCR","2","2","0","11","1","29.1","6.75","5.22","0.61",".379","72.5%","42.4%","7.4%","91.0","5.22","6.57","4.65","5.59","0.0","12027"
"Tim Mayza","TOR","1","3","0","68","0","51.1","9.64","4.73","1.40",".272","71.2%","53.2%","22.2%","93.7","4.91","4.96","4.73","4.10","0.0","15042"
"Edwin Diaz","NYM","2","7","26","66","0","58.0","15.36","3.41","2.33",".377","76.2%","36.7%","26.8%","97.7","5.59","3.21","4.51","3.07","0.0","14710"
"Cy Sneed","HOU","0","1","0","8","0","21.1","9.70","2.11","2.11",".350","75.0%","46.0%","27.8%","92.5","5.48","4.38","4.81","3.44","0.0","16106"
"Derek Law","TOR","1","2","5","58","4","60.2","9.94","5.93","1.19",".317","73.3%","50.0%","15.7%","94.2","4.90","4.69","4.85","4.80","0.0","13133"
"Dillon Tate","BAL","0","2","0","16","0","21.0","8.57","3.86","1.29",".268","61.2%","59.3%","18.8%","93.0","6.43","4.23","5.17","4.82","0.0","17796"
"Pedro Payano","TEX","1","2","0","6","4","22.0","6.95","6.14","1.23",".343","66.1%","46.4%","15.0%","93.6","5.73","7.46","5.62","5.66","0.0","18313"
"Brad Boxberger","KCR","1","3","1","29","0","26.2","9.11","5.74","1.01",".297","69.6%","39.5%","10.0%","90.2","5.40","4.41","4.68","5.45","0.0","10133"
"Thomas Pannone","TOR","3","6","0","37","7","73.0","8.51","3.82","1.60",".291","64.3%","32.9%","13.1%","89.8","6.16","5.30","5.16","5.54","0.0","17281"
"T.J. McFarland","ARI","0","0","0","51","0","56.0","5.62","3.21","0.96",".346","68.2%","61.1%","17.1%","89.2","4.82","5.41","4.48","4.33","0.0","3237"
"Jerry Blevins","ATL","1","0","1","45","0","32.1","10.30","4.45","1.39",".247","77.8%","29.4%","13.2%","88.9","3.90","5.37","4.61","4.93","0.0","7841"
"Adalberto Mejia","- - -","0","2","0","35","0","31.1","8.62","6.03","1.15",".322","59.9%","26.9%","9.5%","93.0","6.61","7.14","4.97","5.98","0.0","13188"
"Brian Johnson","BOS","1","3","0","21","7","40.1","6.92","5.13","1.34",".353","69.5%","41.9%","10.7%","88.9","6.02","5.16","5.32","6.15","0.0","14272"
"Colten Brewer","BOS","1","2","0","58","0","54.2","8.56","5.60","0.99",".333","79.7%","50.3%","14.0%","96.0","4.12","4.57","4.71","4.85","0.0","12997"
"Matt Hall","DET","0","1","0","16","0","23.1","10.41","5.79","1.54",".364","62.5%","40.0%","16.7%","90.5","7.71","5.41","5.19","5.00","0.0","18076"
"Jay Jackson","MIL","1","0","0","28","0","30.1","13.95","5.34","1.78",".271","80.4%","37.5%","26.1%","94.4","4.45","4.38","4.66","3.60","0.0","7432"
"Logan Allen","- - -","2","3","0","9","4","27.2","5.53","4.23","1.30",".352","68.3%","49.5%","20.0%","92.7","6.18","7.94","5.49","5.05","0.0","18555"
"Matt Albers","MIL","8","6","4","67","0","59.2","8.60","4.37","1.21",".280","69.1%","50.6%","16.3%","93.4","5.13","4.06","4.66","4.55","0.0","4300"
"Sean Reid-Foley","TOR","2","4","0","9","6","31.2","7.96","5.97","1.42",".298","73.5%","42.4%","11.9%","92.8","4.26","5.16","5.68","6.26","0.0","17034"
"Hector Santiago","- - -","1","1","0","19","2","33.2","10.69","5.88","2.14",".366","72.0%","32.0%","17.4%","91.8","6.68","6.49","5.89","5.52","-0.1","4026"
"Tyson Ross","DET","1","5","0","7","7","35.1","6.37","4.58","1.78",".306","63.7%","51.3%","22.6%","90.0","6.11","7.09","5.99","5.16","-0.1","7872"
"Dylan Covey","CHW","1","8","0","18","12","58.2","6.29","4.30","1.84",".321","58.3%","41.9%","18.5%","94.5","7.98","7.46","6.06","5.61","-0.1","14825"
"Daniel Stumpf","DET","1","1","0","48","0","29.0","8.69","4.66","1.55",".345","74.4%","35.2%","14.7%","92.2","4.34","5.23","5.08","5.17","-0.1","13780"
"Burch Smith","- - -","0","1","0","17","0","21.1","8.44","5.91","1.27",".338","73.4%","30.4%","9.1%","92.7","5.48","5.02","5.28","6.53","-0.1","12784"
"Taylor Guerrieri","TEX","0","0","0","20","0","26.1","9.23","7.52","1.03",".333","67.7%","55.6%","15.0%","93.3","5.81","4.76","5.38","5.41","-0.1","13616"
"Ryan Buchter","OAK","1","1","0","64","0","45.1","9.93","4.57","1.59",".296","91.4%","25.2%","14.5%","92.6","2.98","5.13","4.96","5.08","-0.1","9456"
"Roenis Elias","- - -","4","2","14","48","0","50.0","8.46","3.24","1.80",".257","64.7%","34.5%","17.2%","94.0","3.96","4.76","5.07","4.78","-0.1","12673"
"Jeremy Hellickson","WSN","2","3","0","9","8","39.0","6.92","4.62","2.08",".309","66.8%","38.9%","17.0%","88.8","6.23","6.66","6.29","5.99","-0.1","4371"
"Brad Wieck","- - -","2","2","0","44","0","34.2","12.72","3.38","2.08",".267","64.0%","31.3%","19.5%","94.0","5.71","4.47","4.77","4.12","-0.1","16390"
"Brock Burke","TEX","0","2","0","6","6","26.2","4.73","3.71","2.03",".276","60.7%","50.0%","20.7%","92.1","7.43","5.19","6.55","5.79","-0.1","17968"
"Yency Almonte","COL","0","1","0","28","0","34.0","7.68","3.71","1.85",".302","72.4%","32.1%","14.6%","95.8","5.56","6.45","5.51","5.64","-0.1","15068"
"Wei-Chung Wang","- - -","3","0","0","25","0","31.0","5.23","4.06","1.16",".250","79.7%","35.8%","9.1%","91.4","3.77","4.50","5.18","6.33","-0.1","14382"
"Gregory Soto","DET","0","5","0","33","7","57.2","7.02","5.15","1.40",".344","72.0%","47.7%","13.6%","96.0","5.77","6.36","5.40","5.65","-0.1","19677"
"A.J. Minter","ATL","3","4","5","36","0","29.1","10.74","7.06","0.92",".388","66.3%","36.8%","10.0%","96.0","7.06","5.34","4.61","5.32","-0.1","18655"
"Stephen Tarpley","NYY","1","0","2","21","1","24.2","12.41","5.47","2.19",".444","72.8%","36.2%","26.1%","92.5","6.93","4.35","5.69","4.38","-0.1","15859"
"Dario Agrazal","PIT","4","5","0","15","14","73.1","5.03","2.21","1.84",".283","75.3%","39.9%","15.3%","90.9","4.91","5.26","5.90","5.90","-0.1","15821"
"Zack Godley","- - -","4","5","2","33","9","92.0","6.85","4.11","1.37",".297","65.6%","43.0%","13.7%","85.0","5.97","5.89","5.20","5.43","-0.1","14862"
"Reggie McClain","SEA","1","1","0","14","2","21.0","4.71","5.57","0.86",".290","65.2%","64.8%","28.6%","94.7","6.00","6.00","5.26","4.69","-0.1","19311"
"Justin Shafer","TOR","2","1","1","34","0","39.2","8.85","5.67","1.36",".315","81.9%","31.9%","12.2%","94.6","3.86","4.41","5.18","5.67","-0.1","16132"
"Austin Brice","MIA","1","0","0","36","0","44.2","9.27","3.63","1.41",".248","78.5%","42.2%","15.9%","93.1","3.43","3.75","4.87","4.79","-0.1","17237"
"Clay Holmes","PIT","1","2","0","35","0","50.0","10.08","6.48","0.90",".299","65.1%","60.3%","16.7%","94.2","5.58","4.73","4.97","4.87","-0.1","13649"
"Blake Parker","- - -","3","3","10","60","2","61.1","9.54","3.23","1.91",".263","76.9%","38.3%","21.7%","91.3","4.55","5.48","5.07","4.26","-0.1","5224"
"Jhoulys Chacin","- - -","3","12","0","25","24","103.1","8.80","4.01","2.18",".307","71.0%","37.5%","21.0%","90.1","6.01","5.66","5.88","5.03","-0.1","2608"
"Nick Margevicius","SDP","2","6","0","17","12","57.0","6.63","3.00","1.89",".326","62.7%","44.0%","20.3%","88.4","6.79","5.77","5.64","4.96","-0.1","20395"
"Robert Dugger","MIA","0","4","0","7","7","34.1","6.55","4.46","1.57",".262","62.2%","38.9%","14.0%","90.3","5.77","5.63","5.95","6.17","-0.1","19191"
"Yefry Ramirez","- - -","0","2","0","13","1","24.1","9.99","5.92","1.48",".382","58.6%","50.7%","20.0%","93.1","7.40","4.79","5.60","5.10","-0.1","15655"
"Luis Avilan","NYM","4","0","0","45","0","32.0","8.44","3.94","1.41",".315","74.4%","46.8%","18.5%","","5.06","5.37","4.96","4.61","-0.1","2882"
"Mike Wright Jr.","- - -","0","1","1","19","0","29.1","9.20","3.68","1.84",".392","56.5%","38.8%","16.7%","93.4","7.98","5.97","5.26","5.04","-0.1","12586"
"Jimmy Nelson","MIL","0","2","0","10","3","22.0","10.64","6.95","1.64",".375","67.7%","33.3%","19.0%","92.5","6.95","7.14","5.80","5.34","-0.1","10547"
"Caleb Ferguson","LAD","1","2","0","46","2","44.2","10.88","5.44","1.41",".291","74.0%","38.6%","16.7%","94.5","4.84","4.89","5.05","4.88","-0.1","19349"
"Alex Wood","CIN","1","3","0","7","7","35.2","7.57","2.27","2.78",".294","73.0%","38.2%","29.7%","90.1","5.80","6.49","6.38","4.44","-0.1","13781"
"Greg Holland","ARI","1","2","17","40","0","35.2","10.35","6.06","1.26",".244","73.8%","45.3%","15.2%","91.7","4.54","3.78","4.76","4.77","-0.1","7196"
"Dan Otero","CLE","0","0","0","25","0","29.2","4.85","0.91","1.82",".343","77.1%","53.2%","20.0%","88.7","4.85","5.34","5.17","4.55","-0.1","7385"
"Felix Hernandez","SEA","1","8","0","15","15","71.2","7.16","3.14","2.13",".309","62.9%","48.1%","21.0%","90.1","6.40","6.08","6.00","5.17","-0.1","4772"
"Jeff Brigham","MIA","3","2","1","32","0","38.1","9.16","3.29","1.88",".283","77.9%","33.0%","16.3%","96.6","4.46","4.99","5.07","4.90","-0.1","16631"
"Sam Coonrod","SFG","5","1","0","33","0","27.2","6.51","4.88","0.98",".222","79.9%","50.0%","11.5%","96.5","3.58","3.61","5.24","5.70","-0.1","17264"
"Touki Toussaint","ATL","4","0","0","24","1","41.2","9.72","5.62","1.08",".339","70.0%","44.1%","10.9%","93.9","5.62","4.63","4.99","5.63","-0.2","16929"
"Tyler Kinley","MIA","3","1","1","52","0","49.1","8.39","6.57","0.91",".286","82.2%","37.5%","9.3%","94.8","3.65","4.69","4.92","5.78","-0.2","18297"
"Walker Lockett","NYM","1","1","0","9","4","22.2","6.35","2.38","2.38",".365","60.1%","41.8%","23.1%","","8.34","6.12","6.17","5.01","-0.2","13804"
"Phil Maton","- - -","0","0","0","30","0","36.2","8.10","2.95","1.72",".284","59.2%","44.7%","20.0%","91.1","6.14","4.66","5.04","4.46","-0.2","18064"
"Marco Estrada","OAK","0","2","0","5","5","23.2","4.18","3.04","2.66",".208","62.0%","19.3%","12.7%","87.4","6.85","3.41","7.52","8.30","-0.2","1118"
"Clayton Richard","TOR","1","5","0","10","10","45.1","4.37","3.57","1.79",".297","67.3%","55.8%","24.3%","91.2","5.96","6.53","6.28","5.32","-0.2","3551"
"Branden Kline","BAL","1","4","0","34","0","41.0","7.46","4.17","1.98",".292","70.0%","39.4%","20.5%","96.4","5.93","6.74","5.87","5.15","-0.2","14101"
"Bryse Wilson","ATL","1","1","0","6","4","20.0","7.20","4.50","2.25",".339","62.1%","30.8%","17.9%","94.8","7.20","6.24","6.36","5.90","-0.2","19990"
"Bryan Shaw","COL","3","2","1","70","0","72.0","7.25","3.63","1.50",".275","68.4%","48.8%","17.9%","","5.38","4.99","5.19","4.87","-0.2","8110"
"Shawn Kelley","TEX","5","2","11","50","0","47.1","8.18","2.09","2.28",".314","80.1%","29.3%","18.2%","92.0","4.94","5.93","5.52","4.99","-0.2","7773"
"Elvis Luciano","TOR","1","0","0","25","0","33.2","7.22","6.42","1.07",".317","74.9%","38.1%","9.5%","94.1","5.35","5.59","5.56","6.50","-0.2","20632"
"Kohl Stewart","MIN","2","2","0","9","2","25.1","3.55","2.84","1.78",".282","64.5%","48.3%","20.0%","91.9","6.39","6.70","6.06","5.45","-0.2","15502"
"Wade Davis","COL","1","6","15","50","0","42.2","8.86","6.12","1.48",".349","55.4%","38.3%","13.7%","93.3","8.65","6.00","5.56","5.80","-0.2","7441"
"Matt Harvey","LAA","3","5","0","12","12","59.2","5.88","4.37","1.96",".275","61.2%","42.8%","22.4%","93.2","7.09","6.20","6.35","5.45","-0.2","11713"
"Hector Rondon","HOU","3","2","0","62","1","60.2","7.12","2.97","1.48",".263","83.3%","50.0%","16.1%","96.8","3.71","4.06","4.96","4.85","-0.2","2391"
"Mike Montgomery","- - -","3","9","0","33","13","91.0","6.82","3.36","1.78",".343","76.3%","49.0%","23.7%","91.6","4.95","6.53","5.52","4.61","-0.2","4869"
"Joe Biagini","- - -","3","2","1","63","0","64.2","8.35","3.62","1.95",".317","80.4%","46.1%","27.5%","93.9","4.59","5.66","5.43","4.18","-0.2","13194"
"Nick Kingham","- - -","4","2","1","25","4","55.2","7.44","4.04","1.78",".379","66.2%","41.2%","16.2%","92.0","7.28","5.59","5.48","5.34","-0.2","11694"
"Jeurys Familia","NYM","4","2","0","66","0","60.0","9.45","6.30","1.05",".346","70.0%","50.9%","14.3%","96.0","5.70","4.63","4.88","4.99","-0.2","5114"
"Carson Fulmer","CHW","1","2","0","20","2","27.1","8.23","6.59","1.65",".263","64.3%","44.0%","17.2%","93.7","6.26","5.02","6.29","6.02","-0.2","18311"
"Michael Shawaryn","BOS","0","0","0","14","0","20.1","12.84","5.75","2.21",".412","59.5%","33.9%","17.9%","91.9","9.74","5.02","6.21","5.76","-0.2","19495"
"Tim Melville","COL","2","3","0","7","7","33.1","6.48","3.78","2.43",".263","85.2%","43.0%","25.0%","89.4","4.86","5.93","6.63","5.27","-0.2","9149"
"Tony Watson","SFG","2","2","0","60","0","54.0","6.83","2.00","1.50",".287","77.8%","43.9%","14.8%","93.2","4.17","4.50","4.81","4.89","-0.2","3132"
"Ryan Tepera","TOR","0","2","0","23","1","21.2","5.82","3.32","2.08",".234","76.2%","41.2%","20.8%","93.5","4.98","5.63","6.03","5.23","-0.2","10291"
"Alex Claudio","MIL","2","2","0","83","0","62.0","6.39","3.48","1.16",".265","76.5%","57.4%","19.0%","87.2","4.06","3.78","4.92","4.59","-0.2","12890"
"Jorge Lopez","KCR","4","9","1","39","18","123.2","7.93","3.06","1.96",".314","63.6%","46.4%","20.6%","94.4","6.33","5.85","5.55","4.82","-0.2","14527"
"Geoff Hartlieb","PIT","0","1","0","29","0","35.0","9.77","4.63","2.06",".411","59.5%","46.5%","23.5%","96.5","9.00","6.20","5.56","4.52","-0.2","19558"
"Yimi Garcia","LAD","1","4","0","64","0","62.1","9.53","2.02","2.17",".171","82.1%","29.6%","16.9%","94.3","3.61","2.88","5.19","4.90","-0.2","12095"
"Jimmy Yacabonis","BAL","1","2","0","29","4","41.0","7.24","5.27","1.98",".336","69.9%","35.8%","15.8%","93.6","6.80","7.18","6.36","6.27","-0.3","15157"
"Shelby Miller","TEX","1","3","0","19","8","44.0","6.14","5.93","1.64",".333","55.8%","41.4%","13.1%","94.5","8.59","6.61","6.40","6.79","-0.3","10197"
"Nathan Eovaldi","BOS","2","1","0","23","12","67.2","9.31","4.66","2.13",".315","73.1%","44.6%","22.9%","97.6","5.99","5.06","5.90","4.89","-0.3","9132"
"Matthew Festa","SEA","0","2","0","20","0","22.1","8.46","4.84","2.01",".246","70.4%","38.1%","18.5%","92.8","5.64","5.23","6.12","5.62","-0.3","19330"
"Eric Skoglund","KCR","0","3","0","6","4","21.0","1.71","3.86","2.14",".305","57.6%","34.5%","13.5%","89.8","9.00","10.27","7.36","7.77","-0.3","16155"
"Drew Smyly","- - -","4","7","1","25","21","114.0","9.47","4.34","2.53",".308","72.4%","33.2%","21.5%","91.1","6.24","5.89","6.26","5.21","-0.3","11760"
"Ty Blach","- - -","1","3","0","7","5","27.0","6.67","5.67","2.67",".404","50.2%","35.3%","20.0%","90.2","12.00","7.84","7.47","6.57","-0.3","14361"
"Kyle Dowdy","TEX","2","1","0","13","1","22.1","6.85","7.25","1.61",".314","63.5%","43.8%","21.1%","95.2","7.25","7.32","6.57","5.94","-0.3","19285"
"Nestor Cortes","NYY","5","1","0","33","1","66.2","9.32","3.78","2.16",".321","73.5%","34.2%","18.4%","89.5","5.67","4.79","5.57","5.04","-0.3","17874"
"Dan Winkler","ATL","3","1","0","27","0","21.2","9.14","4.57","2.08",".241","69.6%","30.5%","20.8%","92.3","4.98","5.77","5.84","5.05","-0.3","12237"
"Blake Treinen","OAK","6","5","16","57","0","58.2","9.05","5.68","1.38",".306","75.5%","42.8%","16.4%","97.0","4.91","4.86","5.14","5.01","-0.3","12572"
"Hector Noesi","MIA","0","3","0","12","4","27.2","7.81","4.55","2.28",".295","54.0%","30.1%","17.1%","93.0","8.46","5.30","6.39","6.05","-0.3","3292"
"Michael Wacha","STL","6","7","0","29","24","126.2","7.39","3.91","1.85",".313","79.0%","48.0%","22.0%","93.2","4.76","5.74","5.61","4.80","-0.3","14078"
"Tyler Anderson","COL","0","3","0","5","5","20.2","10.02","4.79","3.48",".391","51.8%","41.4%","34.8%","91.4","11.76","8.24","7.62","4.80","-0.3","12880"
"Erik Swanson","SEA","1","5","2","27","8","58.0","8.07","1.86","2.64",".241","62.8%","37.9%","23.0%","92.9","5.74","4.82","5.96","4.68","-0.3","16587"
"Dominic Leone","STL","1","0","1","40","0","40.2","10.18","4.87","1.99",".291","68.2%","36.4%","20.0%","94.5","5.53","5.97","5.45","4.78","-0.3","13763"
"Chad Sobotka","ATL","0","0","0","32","0","29.0","11.79","5.90","1.86",".324","67.3%","44.6%","23.1%","96.2","6.21","5.16","5.56","4.65","-0.3","17470"
"Yoan Lopez","ARI","2","7","1","70","0","60.2","6.23","2.52","1.63",".233","78.4%","43.8%","20.0%","96.4","3.41","6.45","5.03","4.47","-0.3","17181"
"Richard Rodriguez","PIT","4","5","1","72","0","65.1","8.68","3.17","1.93",".279","85.2%","41.8%","16.7%","93.3","3.72","3.94","5.22","4.99","-0.3","13549"
"Austin Davis","PHI","0","0","0","14","0","20.2","10.45","6.10","2.61",".314","78.4%","36.8%","27.3%","93.9","6.53","6.32","7.13","5.48","-0.3","17117"
"Chance Adams","NYY","1","1","1","13","0","25.1","8.17","3.91","2.49",".395","64.0%","30.7%","20.0%","91.7","8.53","5.70","6.53","5.69","-0.3","18135"
"Andrew Suarez","SFG","0","2","0","21","2","32.2","6.89","3.86","1.93",".317","70.1%","49.1%","22.6%","93.0","5.79","6.00","5.85","4.95","-0.3","18300"
"Jake Newberry","KCR","1","0","0","27","0","31.0","8.42","4.65","2.03",".262","91.2%","34.1%","15.2%","93.9","3.77","5.70","5.92","5.94","-0.3","15136"
"Blaine Hardy","DET","1","1","0","39","0","44.1","5.89","2.64","2.03",".215","73.0%","48.5%","20.4%","88.3","4.47","5.06","5.72","4.98","-0.3","6499"
"Jake McGee","COL","0","2","0","45","0","41.1","7.62","2.40","2.40",".300","78.9%","35.7%","18.6%","93.5","4.35","4.86","6.00","5.38","-0.3","7550"
"Victor Alcantara","DET","3","2","0","46","0","42.2","5.06","3.16","1.69",".278","72.8%","53.6%","17.8%","92.4","4.85","6.57","5.72","5.38","-0.4","15028"
"Corbin Burnes","MIL","1","5","1","32","4","49.0","12.86","3.67","3.12",".414","57.4%","45.1%","38.6%","95.4","8.82","5.66","6.09","3.37","-0.4","19361"
"Neil Ramirez","- - -","0","1","0","22","1","25.0","8.64","5.40","2.52",".288","80.1%","23.3%","16.7%","94.6","5.40","5.70","6.73","6.44","-0.4","7677"
"Thomas Eshelman","BAL","1","2","0","10","4","36.0","5.50","2.75","3.00",".297","66.4%","31.5%","22.6%","85.6","6.50","7.14","7.33","5.92","-0.4","18361"
"Hunter Strickland","- - -","2","1","2","28","0","24.1","6.66","2.96","2.22",".229","73.2%","32.9%","16.7%","96.0","5.55","5.13","6.30","6.03","-0.4","7836"
"Jake Jewell","LAA","0","0","0","18","0","26.1","7.86","2.73","2.73",".278","68.3%","63.8%","47.1%","94.5","6.84","5.48","6.67","4.00","-0.4","16958"
"Dillon Peters","LAA","4","4","0","17","12","72.0","6.88","3.25","2.25",".300","72.7%","39.7%","19.6%","91.0","5.38","5.89","6.23","5.52","-0.4","18790"
"Zach Duke","CIN","3","1","0","30","0","23.1","6.94","6.94","1.54",".266","79.1%","47.8%","23.5%","88.0","5.01","5.51","6.47","5.69","-0.4","3840"
"Matt Grace","WSN","1","2","0","51","1","46.2","6.75","1.93","2.12",".338","67.7%","48.7%","25.0%","92.2","6.36","6.70","5.55","4.36","-0.4","11449"
"Manny Banuelos","CHW","3","4","0","16","8","50.2","7.82","5.86","2.13",".331","71.2%","33.1%","18.5%","92.1","6.93","6.41","6.57","6.04","-0.4","5365"
"Jerad Eickhoff","PHI","3","4","1","12","10","58.1","7.87","2.78","2.78",".256","77.7%","35.5%","23.1%","89.6","5.71","5.48","6.51","5.15","-0.4","12664"
"Wade LeBlanc","SEA","6","7","0","26","8","121.1","6.82","2.30","2.08",".308","70.4%","40.0%","17.6%","86.5","5.71","5.23","5.49","5.10","-0.4","5221"
"Gabriel Ynoa","BAL","1","10","0","36","13","110.2","5.45","2.11","2.36",".273","68.2%","46.7%","20.0%","93.5","5.61","6.00","6.20","5.40","-0.4","12938"
"Parker Markel","- - -","0","1","0","20","0","22.0","9.82","6.95","2.45",".333","66.5%","36.4%","22.2%","95.6","7.77","6.36","7.30","6.20","-0.4","12106"
"Adam Conley","MIA","2","11","2","60","0","60.2","7.86","4.30","1.48",".351","67.0%","37.9%","13.9%","95.4","6.53","5.30","5.19","5.41","-0.4","14457"
"Wei-Yin Chen","MIA","0","1","0","45","0","68.1","8.30","2.37","1.98",".350","62.9%","36.5%","17.9%","91.5","6.59","5.48","5.23","4.83","-0.4","13071"
"Andrew Miller","STL","5","6","6","73","0","54.2","11.52","4.45","1.81",".283","74.3%","37.2%","21.6%","92.6","4.45","4.14","5.19","4.43","-0.4","6785"
"Ryan Carpenter","DET","1","6","0","9","9","40.2","5.53","2.88","2.66",".338","50.7%","35.3%","19.4%","90.1","9.30","6.57","6.93","6.12","-0.4","12699"
"Jesse Biddle","- - -","0","1","0","30","0","28.0","8.36","7.07","1.61",".389","57.4%","45.8%","17.9%","94.0","8.36","8.19","6.46","6.13","-0.4","11437"
"Josh A. Smith","BOS","0","3","1","18","2","31.0","8.42","2.32","2.90",".292","75.8%","34.7%","25.6%","91.5","5.81","5.59","6.60","4.91","-0.4","10946"
"Wily Peralta","KCR","2","4","2","42","0","40.1","5.36","4.24","1.56",".306","67.6%","45.4%","15.9%","94.5","5.80","6.00","5.84","5.76","-0.4","7738"
"Heath Fillmyer","KCR","0","2","0","12","3","22.1","6.04","4.84","2.42",".301","66.5%","41.8%","20.7%","92.3","8.06","6.74","7.38","6.47","-0.4","17466"
"Jaime Barria","LAA","4","10","0","19","13","82.2","8.17","2.94","2.61",".287","68.6%","34.2%","20.2%","91.7","6.42","5.59","6.23","5.32","-0.5","18356"
"Jacob Barnes","- - -","1","5","0","33","1","32.2","8.82","6.06","1.93",".293","58.1%","47.2%","21.9%","93.8","7.44","5.51","6.06","5.22","-0.5","12323"
"Glenn Sparkman","KCR","4","11","0","31","23","136.0","5.36","2.71","1.99",".299","68.0%","37.0%","16.0%","93.5","6.02","5.89","5.93","5.81","-0.5","15200"
"Jared Hughes","- - -","5","5","1","72","0","71.1","6.81","3.41","1.64",".228","72.3%","59.2%","28.9%","92.8","4.04","4.08","5.29","4.17","-0.5","9325"
"Jeff Hoffman","COL","2","6","0","15","15","70.0","8.74","4.37","2.70",".298","74.8%","35.1%","23.6%","93.8","6.56","6.83","6.80","5.43","-0.5","17432"
"Dereck Rodriguez","SFG","6","11","0","28","16","99.0","6.45","3.27","1.91",".282","61.7%","43.5%","19.1%","90.9","5.64","5.44","5.69","5.14","-0.5","14509"
"Matt Koch","ARI","0","0","0","9","0","20.2","3.92","1.74","3.48",".300","63.4%","35.9%","23.5%","92.5","9.15","9.73","8.68","6.92","-0.5","13420"
"Luis Garcia","LAA","2","1","1","64","2","62.0","8.27","4.79","1.89",".282","79.2%","47.2%","22.0%","97.3","4.35","4.82","5.94","5.11","-0.5","6984"
"Ross Detwiler","CHW","3","5","0","18","12","69.2","5.94","3.49","2.58",".301","70.5%","51.9%","24.7%","91.7","6.59","6.45","6.92","5.50","-0.5","2859"
"Edgar Garcia","PHI","2","0","0","37","0","39.0","10.38","6.00","2.54",".300","80.2%","32.0%","21.6%","93.8","5.77","5.85","6.57","5.51","-0.6","19276"
"Tyler Bashlor","NYM","0","3","0","24","0","22.0","8.18","6.95","2.45",".250","70.9%","33.8%","17.1%","95.8","6.95","4.86","7.26","6.88","-0.6","15203"
"Jose Suarez","LAA","2","6","0","19","15","81.0","8.00","3.67","2.56",".325","68.6%","35.3%","21.1%","91.8","7.11","5.63","6.72","5.71","-0.6","19911"
"Cody Allen","LAA","0","2","4","25","0","23.0","11.35","7.83","3.52",".259","89.2%","19.7%","20.9%","92.4","6.26","8.45","8.39","7.02","-0.6","12183"
"Tayron Guerrero","MIA","1","2","0","52","0","46.0","8.41","7.04","1.37",".282","67.4%","44.3%","13.5%","99.1","6.26","5.97","6.06","6.33","-0.6","11691"
"David Hess","BAL","1","10","0","23","14","80.0","7.65","3.37","3.15",".278","61.1%","32.6%","23.5%","93.1","7.09","7.65","7.26","5.67","-0.7","16130"
"Wes Parsons","- - -","1","2","0","32","0","34.2","6.75","7.53","1.56",".277","71.4%","46.4%","21.4%","94.2","5.45","7.51","6.65","6.00","-0.7","14764"
"Anthony Swarzak","- - -","3","4","4","59","0","53.1","8.78","4.56","2.03",".280","78.8%","45.8%","22.6%","93.5","4.56","4.86","5.71","4.76","-0.7","7466"
"Trevor Cahill","LAA","4","9","0","37","11","102.1","7.12","3.43","2.20",".283","70.2%","45.9%","22.5%","92.0","5.98","4.76","6.13","5.11","-0.7","6249"
"Wandy Peralta","- - -","1","1","0","47","0","39.2","7.26","3.63","2.50",".261","77.5%","50.8%","31.4%","95.8","5.67","5.34","6.57","4.72","-0.7","14295"
"Kyle Crick","PIT","3","7","0","52","0","49.0","11.20","6.43","1.84",".274","76.8%","43.7%","20.0%","95.3","4.96","3.91","5.95","5.33","-0.7","13182"
"Kyle Barraclough","- - -","1","2","0","43","0","33.2","10.69","5.61","2.41",".315","76.4%","38.8%","22.5%","93.6","5.61","7.23","6.36","5.25","-0.8","13713"
"Taylor Clarke","ARI","5","5","1","23","15","84.2","7.23","3.19","2.44",".260","74.6%","39.7%","20.2%","93.8","5.31","5.48","6.41","5.56","-0.8","17611"
"Alex McRae","PIT","0","4","0","11","2","26.2","6.41","5.40","3.04",".318","59.0%","41.5%","25.0%","92.4","8.78","5.89","8.31","6.61","-0.8","16317"
"Adam Warren","SDP","4","1","0","25","0","28.2","7.85","3.77","2.83",".247","81.0%","42.9%","29.0%","91.5","5.34","6.00","6.91","4.98","-0.8","9029"
"Brock Stewart","- - -","4","0","0","13","0","25.2","6.66","2.81","3.86",".313","58.3%","36.2%","25.6%","91.7","9.82","6.36","8.59","6.35","-0.8","16727"
"Zac Reininger","DET","0","3","0","25","1","28.0","5.46","5.14","3.54",".344","71.7%","36.4%","29.7%","94.6","8.68","10.65","8.82","6.34","-0.9","15285"
"Derek Holland","- - -","2","5","0","51","8","84.1","8.75","4.80","2.13",".276","68.0%","40.5%","21.1%","92.0","6.08","5.63","6.10","5.25","-1.0","4141"
"Jesus Tinoco","COL","0","3","1","24","0","36.0","7.00","5.50","3.00",".245","85.3%","42.7%","29.3%","94.2","4.75","7.14","7.91","5.84","-1.0","16300"
"Drew Gagnon","NYM","3","1","0","18","0","23.2","6.46","2.66","4.18",".288","61.6%","38.5%","27.5%","92.2","8.37","5.85","8.96","6.28","-1.1","12545"
"Craig Kimbrel","CHC","0","4","13","23","0","20.2","13.06","5.23","3.92",".279","89.3%","30.0%","36.0%","96.3","6.53","6.96","8.00","4.75","-1.1","6655"
"Dan Straily","BAL","2","4","0","14","8","47.2","6.23","4.15","4.15",".325","66.5%","27.9%","24.2%","90.4","9.82","10.59","9.34","7.14","-1.1","9460"
"Edwin Jackson","- - -","3","10","0","18","13","67.2","6.92","4.26","3.06",".363","54.7%","42.4%","25.3%","93.4","9.58","7.74","7.65","5.90","-1.1","1841"
"Jose Quijada","MIA","2","3","1","34","0","29.2","13.35","7.89","3.03",".283","86.0%","33.3%","34.5%","93.4","5.76","6.66","7.66","5.23","-1.1","19200"
